month,city,sales_channel,traffic_source,campaign,marketing_expense,attributable_visit_users,attributable_new_paying_customers,attributable_net_sales
2024-01,北辰市,自营App,付费投放,常规拉新,5898.39,5783,172,17055.56
2024-01,北辰市,自营App,付费投放,场景兴趣,3615.15,3544,124,11370.38
2024-01,北辰市,自营小程序,付费投放,常规拉新,3391.93,4405,136,13281.56
2024-01,北辰市,自营小程序,付费投放,场景兴趣,2078.92,2700,99,8854.38
2024-01,北辰市,第三方平台,付费投放,常规拉新,2503.08,3793,122,12383.98
2024-01,北辰市,第三方平台,付费投放,场景兴趣,1534.14,2324,88,8255.98
2024-01,云岭市,自营App,付费投放,常规拉新,4970.03,4873,148,14602.22
2024-01,云岭市,自营App,付费投放,场景兴趣,3046.15,2986,108,9734.82
2024-01,云岭市,自营小程序,付费投放,常规拉新,2875.86,3735,114,10985.38
2024-01,云岭市,自营小程序,付费投放,场景兴趣,1762.62,2289,83,7323.59
2024-01,云岭市,第三方平台,付费投放,常规拉新,2137.25,3238,106,10872.25
2024-01,云岭市,第三方平台,付费投放,场景兴趣,1309.93,1985,77,7248.16
2024-01,东澜市,自营App,付费投放,常规拉新,9827.91,8056,244,24556.80
2024-01,东澜市,自营App,付费投放,场景兴趣,6023.55,4937,177,16371.20
2024-01,东澜市,自营小程序,付费投放,常规拉新,5772.45,6274,194,18947.83
2024-01,东澜市,自营小程序,付费投放,场景兴趣,3537.95,3846,140,12631.89
2024-01,东澜市,第三方平台,付费投放,常规拉新,4220.38,5411,173,17931.58
2024-01,东澜市,第三方平台,付费投放,场景兴趣,2586.68,3316,125,11954.39
2024-01,海岳市,自营App,付费投放,常规拉新,8768.95,7188,214,21570.98
2024-01,海岳市,自营App,付费投放,场景兴趣,5374.51,4405,155,14380.66
2024-01,海岳市,自营小程序,付费投放,常规拉新,4890.61,5316,165,16194.52
2024-01,海岳市,自营小程序,付费投放,场景兴趣,2997.47,3258,120,10796.34
2024-01,海岳市,第三方平台,付费投放,常规拉新,3561.71,4566,153,15775.01
2024-01,海岳市,第三方平台,付费投放,场景兴趣,2182.99,2799,110,10516.68
2024-01,南浦市,自营App,付费投放,常规拉新,7910.43,6484,194,19488.75
2024-01,南浦市,自营App,付费投放,场景兴趣,4848.33,3974,140,12992.50
2024-01,南浦市,自营小程序,付费投放,常规拉新,4520.99,4914,153,15165.25
2024-01,南浦市,自营小程序,付费投放,场景兴趣,2770.93,3012,110,10110.17
2024-01,南浦市,第三方平台,付费投放,常规拉新,3284.13,4210,136,14038.39
2024-01,南浦市,第三方平台,付费投放,场景兴趣,2012.85,2581,99,9358.93
2024-01,榕川市,自营App,付费投放,常规拉新,6773.56,5552,164,16569.20
2024-01,榕川市,自营App,付费投放,场景兴趣,4151.54,3403,119,11046.13
2024-01,榕川市,自营小程序,付费投放,常规拉新,3843.36,4178,131,12994.91
2024-01,榕川市,自营小程序,付费投放,场景兴趣,2355.60,2560,95,8663.27
2024-01,榕川市,第三方平台,付费投放,常规拉新,2796.66,3585,118,12059.84
2024-01,榕川市,第三方平台,付费投放,场景兴趣,1714.08,2198,85,8039.90
2024-02,北辰市,自营App,付费投放,常规拉新,5398.17,5292,165,16307.18
2024-02,北辰市,自营App,付费投放,场景兴趣,3308.55,3244,119,10871.46
2024-02,北辰市,自营小程序,付费投放,常规拉新,3079.23,3999,120,11644.60
2024-02,北辰市,自营小程序,付费投放,场景兴趣,1887.27,2451,87,7763.06
2024-02,北辰市,第三方平台,付费投放,常规拉新,2300.93,3486,115,11767.34
2024-02,北辰市,第三方平台,付费投放,场景兴趣,1410.25,2137,84,7844.90
2024-02,云岭市,自营App,付费投放,常规拉新,4562.13,4473,133,13111.08
2024-02,云岭市,自营App,付费投放,场景兴趣,2796.15,2741,96,8740.72
2024-02,云岭市,自营小程序,付费投放,常规拉新,2646.71,3437,107,10315.46
2024-02,云岭市,自营小程序,付费投放,场景兴趣,1622.17,2107,77,6876.98
2024-02,云岭市,第三方平台,付费投放,常规拉新,1943.70,2945,94,9613.54
2024-02,云岭市,第三方平台,付费投放,场景兴趣,1191.30,1805,68,6409.02
2024-02,东澜市,自营App,付费投放,常规拉新,9282.54,7609,235,23678.45
2024-02,东澜市,自营App,付费投放,场景兴趣,5689.30,4663,171,15785.63
2024-02,东澜市,自营小程序,付费投放,常规拉新,5300.16,5761,177,17400.61
2024-02,东澜市,自营小程序,付费投放,场景兴趣,3248.48,3531,129,11600.41
2024-02,东澜市,第三方平台,付费投放,常规拉新,3795.29,4866,154,15862.27
2024-02,东澜市,第三方平台,付费投放,场景兴趣,2326.15,2982,112,10574.84
2024-02,海岳市,自营App,付费投放,常规拉新,7800.00,6393,192,19300.82
2024-02,海岳市,自营App,付费投放,场景兴趣,4780.64,3919,139,12867.22
2024-02,海岳市,自营小程序,付费投放,常规拉新,4548.94,4945,144,14266.78
2024-02,海岳市,自营小程序,付费投放,场景兴趣,2788.06,3030,105,9511.18
2024-02,海岳市,第三方平台,付费投放,常规拉新,3290.90,4219,139,14406.02
2024-02,海岳市,第三方平台,付费投放,场景兴趣,2017.00,2586,101,9604.02
2024-02,南浦市,自营App,付费投放,常规拉新,7402.13,6067,183,18427.70
2024-02,南浦市,自营App,付费投放,场景兴趣,4536.79,3719,132,12285.13
2024-02,南浦市,自营小程序,付费投放,常规拉新,4239.78,4608,138,13537.46
2024-02,南浦市,自营小程序,付费投放,场景兴趣,2598.58,2825,100,9024.98
2024-02,南浦市,第三方平台,付费投放,常规拉新,3056.84,3919,123,12698.21
2024-02,南浦市,第三方平台,付费投放,场景兴趣,1873.54,2402,89,8465.48
2024-02,榕川市,自营App,付费投放,常规拉新,6340.14,5197,158,15794.61
2024-02,榕川市,自营App,付费投放,场景兴趣,3885.90,3185,114,10529.74
2024-02,榕川市,自营小程序,付费投放,常规拉新,3488.57,3792,115,11237.71
2024-02,榕川市,自营小程序,付费投放,场景兴趣,2138.15,2324,84,7491.80
2024-02,榕川市,第三方平台,付费投放,常规拉新,2606.60,3342,107,11012.89
2024-02,榕川市,第三方平台,付费投放,场景兴趣,1597.60,2048,77,7341.92
2024-03,北辰市,自营App,付费投放,常规拉新,6739.49,6607,213,20802.65
2024-03,北辰市,自营App,付费投放,场景兴趣,4130.65,4050,154,13868.44
2024-03,北辰市,自营小程序,付费投放,常规拉新,3776.23,4904,148,14387.57
2024-03,北辰市,自营小程序,付费投放,场景兴趣,2314.47,3006,108,9591.72
2024-03,北辰市,第三方平台,付费投放,常规拉新,2920.87,4426,148,15009.41
2024-03,北辰市,第三方平台,付费投放,场景兴趣,1790.21,2712,108,10006.27
2024-03,云岭市,自营App,付费投放,常规拉新,5861.72,5747,172,17174.64
2024-03,云岭市,自营App,付费投放,场景兴趣,3592.66,3522,125,11449.76
2024-03,云岭市,自营小程序,付费投放,常规拉新,3266.37,4242,131,12656.49
2024-03,云岭市,自营小程序,付费投放,场景兴趣,2001.97,2600,94,8437.66
2024-03,云岭市,第三方平台,付费投放,常规拉新,2464.61,3734,117,11875.94
2024-03,云岭市,第三方平台,付费投放,场景兴趣,1510.57,2289,84,7917.29
2024-03,东澜市,自营App,付费投放,常规拉新,11445.84,9382,286,29030.87
2024-03,东澜市,自营App,付费投放,场景兴趣,7015.20,5750,207,19353.92
2024-03,东澜市,自营小程序,付费投放,常规拉新,6505.41,7071,216,21264.50
2024-03,东澜市,自营小程序,付费投放,场景兴趣,3987.19,4334,156,14176.33
2024-03,东澜市,第三方平台,付费投放,常规拉新,4945.29,6340,213,21955.18
2024-03,东澜市,第三方平台,付费投放,场景兴趣,3030.99,3886,154,14636.78
2024-03,海岳市,自营App,付费投放,常规拉新,9859.67,8082,249,25153.44
2024-03,海岳市,自营App,付费投放,场景兴趣,6043.03,4953,181,16768.96
2024-03,海岳市,自营小程序,付费投放,常规拉新,5738.79,6238,189,18581.58
2024-03,海岳市,自营小程序,付费投放,场景兴趣,3517.33,3823,137,12387.72
2024-03,海岳市,第三方平台,付费投放,常规拉新,4203.45,5389,173,17832.52
2024-03,海岳市,第三方平台,付费投放,场景兴趣,2576.31,3303,126,11888.35
2024-03,南浦市,自营App,付费投放,常规拉新,9206.90,7547,227,22774.57
2024-03,南浦市,自营App,付费投放,场景兴趣,5642.94,4625,164,15183.05
2024-03,南浦市,自营小程序,付费投放,常规拉新,5251.67,5708,169,16700.86
2024-03,南浦市,自营小程序,付费投放,场景兴趣,3218.77,3499,122,11133.90
2024-03,南浦市,第三方平台,付费投放,常规拉新,3884.76,4980,165,17086.09
2024-03,南浦市,第三方平台,付费投放,场景兴趣,2380.98,3053,119,11390.72
2024-03,榕川市,自营App,付费投放,常规拉新,7769.74,6369,191,19346.06
2024-03,榕川市,自营App,付费投放,场景兴趣,4762.10,3903,139,12897.37
2024-03,榕川市,自营小程序,付费投放,常规拉新,4311.65,4687,140,13770.82
2024-03,榕川市,自营小程序,付费投放,场景兴趣,2642.63,2872,101,9180.54
2024-03,榕川市,第三方平台,付费投放,常规拉新,3247.37,4163,131,13558.21
2024-03,榕川市,第三方平台,付费投放,场景兴趣,1990.33,2552,94,9038.80
2024-04,北辰市,自营App,付费投放,常规拉新,6861.54,6727,204,20135.90
2024-04,北辰市,自营App,付费投放,场景兴趣,4205.46,4123,147,13423.93
2024-04,北辰市,自营小程序,付费投放,常规拉新,3907.52,5075,156,14994.26
2024-04,北辰市,自营小程序,付费投放,场景兴趣,2394.93,3110,113,9996.18
2024-04,北辰市,第三方平台,付费投放,常规拉新,2917.19,4420,143,14504.39
2024-04,北辰市,第三方平台,付费投放,场景兴趣,1787.95,2709,104,9669.60
2024-04,云岭市,自营App,付费投放,常规拉新,5751.68,5639,180,17741.33
2024-04,云岭市,自营App,付费投放,场景兴趣,3525.22,3456,131,11827.56
2024-04,云岭市,自营小程序,付费投放,常规拉新,3260.16,4234,125,11961.27
2024-04,云岭市,自营小程序,付费投放,场景兴趣,1998.17,2595,90,7974.18
2024-04,云岭市,第三方平台,付费投放,常规拉新,2440.88,3698,116,11853.83
2024-04,云岭市,第三方平台,付费投放,场景兴趣,1496.02,2267,84,7902.55
2024-04,东澜市,自营App,付费投放,常规拉新,11802.11,9674,292,29444.62
2024-04,东澜市,自营App,付费投放,场景兴趣,7233.55,5929,211,19629.75
2024-04,东澜市,自营小程序,付费投放,常规拉新,6562.45,7133,213,21081.98
2024-04,东澜市,自营小程序,付费投放,场景兴趣,4022.15,4372,155,14054.66
2024-04,东澜市,第三方平台,付费投放,常规拉新,4799.25,6153,207,21360.19
2024-04,东澜市,第三方平台,付费投放,场景兴趣,2941.47,3771,150,14240.12
2024-04,海岳市,自营App,付费投放,常规拉新,9776.47,8014,234,23793.07
2024-04,海岳市,自营App,付费投放,场景兴趣,5992.03,4911,169,15862.04
2024-04,海岳市,自营小程序,付费投放,常规拉新,5663.50,6156,189,18521.82
2024-04,海岳市,自营小程序,付费投放,场景兴趣,3471.18,3773,136,12347.88
2024-04,海岳市,第三方平台,付费投放,常规拉新,4040.48,5180,173,17921.92
2024-04,海岳市,第三方平台,付费投放,场景兴趣,2476.42,3175,126,11947.95
2024-04,南浦市,自营App,付费投放,常规拉新,9133.53,7487,220,22063.57
2024-04,南浦市,自营App,付费投放,场景兴趣,5597.97,4588,159,14709.05
2024-04,南浦市,自营小程序,付费投放,常规拉新,5122.19,5568,166,16395.52
2024-04,南浦市,自营小程序,付费投放,场景兴趣,3139.41,3412,121,10930.35
2024-04,南浦市,第三方平台,付费投放,常规拉新,3961.65,5079,163,16695.26
2024-04,南浦市,第三方平台,付费投放,场景兴趣,2428.11,3113,118,11130.18
2024-04,榕川市,自营App,付费投放,常规拉新,7771.25,6370,193,19422.90
2024-04,榕川市,自营App,付费投放,场景兴趣,4763.03,3904,140,12948.60
2024-04,榕川市,自营小程序,付费投放,常规拉新,4327.05,4703,147,14351.97
2024-04,榕川市,自营小程序,付费投放,场景兴趣,2652.07,2883,106,9567.98
2024-04,榕川市,第三方平台,付费投放,常规拉新,3183.06,4081,135,13967.63
2024-04,榕川市,第三方平台,付费投放,场景兴趣,1950.90,2501,97,9311.76
2024-05,北辰市,自营App,付费投放,常规拉新,7199.87,7059,220,21719.11
2024-05,北辰市,自营App,付费投放,场景兴趣,4412.83,4326,160,14479.40
2024-05,北辰市,自营小程序,付费投放,常规拉新,3962.42,5146,161,15693.21
2024-05,北辰市,自营小程序,付费投放,场景兴趣,2428.58,3154,117,10462.14
2024-05,北辰市,第三方平台,付费投放,常规拉新,3084.96,4674,151,15160.97
2024-05,北辰市,第三方平台,付费投放,场景兴趣,1890.78,2865,109,10107.32
2024-05,云岭市,自营App,付费投放,常规拉新,6011.59,5894,190,18723.25
2024-05,云岭市,自营App,付费投放,场景兴趣,3684.53,3612,137,12482.16
2024-05,云岭市,自营小程序,付费投放,常规拉新,3528.94,4583,138,13289.05
2024-05,云岭市,自营小程序,付费投放,场景兴趣,2162.90,2809,100,8859.36
2024-05,云岭市,第三方平台,付费投放,常规拉新,2597.60,3936,131,13203.83
2024-05,云岭市,第三方平台,付费投放,场景兴趣,1592.08,2412,94,8802.55
2024-05,东澜市,自营App,付费投放,常规拉新,11731.01,9616,294,29385.47
2024-05,东澜市,自营App,付费投放,场景兴趣,7189.97,5893,213,19590.32
2024-05,东澜市,自营小程序,付费投放,常规拉新,6824.84,7418,230,22684.18
2024-05,东澜市,自营小程序,付费投放,场景兴趣,4182.96,4547,167,15122.78
2024-05,东澜市,第三方平台,付费投放,常规拉新,5008.65,6421,207,21351.25
2024-05,东澜市,第三方平台,付费投放,场景兴趣,3069.81,3936,150,14234.16
2024-05,海岳市,自营App,付费投放,常规拉新,10353.60,8487,253,25585.10
2024-05,海岳市,自营App,付费投放,场景兴趣,6345.76,5201,184,17056.73
2024-05,海岳市,自营小程序,付费投放,常规拉新,5842.61,6351,195,19041.32
2024-05,海岳市,自营小程序,付费投放,场景兴趣,3580.95,3892,141,12694.21
2024-05,海岳市,第三方平台,付费投放,常规拉新,4439.45,5692,183,18914.72
2024-05,海岳市,第三方平台,付费投放,场景兴趣,2720.95,3488,132,12609.81
2024-05,南浦市,自营App,付费投放,常规拉新,9754.53,7996,242,24162.95
2024-05,南浦市,自营App,付费投放,场景兴趣,5978.59,4900,175,16108.64
2024-05,南浦市,自营小程序,付费投放,常规拉新,5486.68,5964,183,17882.29
2024-05,南浦市,自营小程序,付费投放,场景兴趣,3362.80,3655,132,11921.53
2024-05,南浦市,第三方平台,付费投放,常规拉新,4006.14,5136,171,17482.90
2024-05,南浦市,第三方平台,付费投放,场景兴趣,2455.38,3148,123,11655.26
2024-05,榕川市,自营App,付费投放,常规拉新,7923.29,6495,191,19381.31
2024-05,榕川市,自营App,付费投放,场景兴趣,4856.21,3980,139,12920.88
2024-05,榕川市,自营小程序,付费投放,常规拉新,4663.59,5069,158,15506.72
2024-05,榕川市,自营小程序,付费投放,场景兴趣,2858.33,3107,114,10337.81
2024-05,榕川市,第三方平台,付费投放,常规拉新,3509.00,4499,151,15625.06
2024-05,榕川市,第三方平台,付费投放,场景兴趣,2150.68,2757,110,10416.71
2024-06,北辰市,自营App,付费投放,常规拉新,7190.39,7049,217,21433.52
2024-06,北辰市,自营App,付费投放,场景兴趣,4407.01,4321,158,14289.01
2024-06,北辰市,自营小程序,付费投放,常规拉新,4108.98,5336,158,15451.38
2024-06,北辰市,自营小程序,付费投放,场景兴趣,2518.41,3271,114,10300.92
2024-06,北辰市,第三方平台,付费投放,常规拉新,2976.52,4510,152,15492.85
2024-06,北辰市,第三方平台,付费投放,场景兴趣,1824.32,2764,110,10328.56
2024-06,云岭市,自营App,付费投放,常规拉新,5842.11,5728,173,17240.34
2024-06,云岭市,自营App,付费投放,场景兴趣,3580.65,3510,126,11493.56
2024-06,云岭市,自营小程序,付费投放,常规拉新,3442.05,4470,137,13220.00
2024-06,云岭市,自营小程序,付费投放,场景兴趣,2109.65,2740,100,8813.33
2024-06,云岭市,第三方平台,付费投放,常规拉新,2545.63,3857,124,12451.04
2024-06,云岭市,第三方平台,付费投放,场景兴趣,1560.23,2364,89,8300.69
2024-06,东澜市,自营App,付费投放,常规拉新,11753.70,9634,294,29648.35
2024-06,东澜市,自营App,付费投放,场景兴趣,7203.88,5905,213,19765.56
2024-06,东澜市,自营小程序,付费投放,常规拉新,6770.08,7359,224,22161.63
2024-06,东澜市,自营小程序,付费投放,场景兴趣,4149.40,4510,162,14774.42
2024-06,东澜市,第三方平台,付费投放,常规拉新,5001.87,6413,213,21761.63
2024-06,东澜市,第三方平台,付费投放,场景兴趣,3065.67,3930,155,14507.76
2024-06,海岳市,自营App,付费投放,常规拉新,10205.35,8365,255,25539.15
2024-06,海岳市,自营App,付费投放,场景兴趣,6254.89,5127,184,17026.10
2024-06,海岳市,自营小程序,付费投放,常规拉新,5903.64,6417,190,18639.57
2024-06,海岳市,自营小程序,付费投放,场景兴趣,3618.36,3933,137,12426.38
2024-06,海岳市,第三方平台,付费投放,常规拉新,4378.51,5613,176,18173.47
2024-06,海岳市,第三方平台,付费投放,场景兴趣,2683.61,3441,128,12115.64
2024-06,南浦市,自营App,付费投放,常规拉新,9373.31,7683,237,23589.77
2024-06,南浦市,自营App,付费投放,场景兴趣,5744.93,4709,171,15726.52
2024-06,南浦市,自营小程序,付费投放,常规拉新,5449.03,5923,182,17808.13
2024-06,南浦市,自营小程序,付费投放,场景兴趣,3339.73,3630,131,11872.09
2024-06,南浦市,第三方平台,付费投放,常规拉新,4097.54,5253,173,17672.21
2024-06,南浦市,第三方平台,付费投放,场景兴趣,2511.40,3220,125,11781.47
2024-06,榕川市,自营App,付费投放,常规拉新,8083.65,6626,202,20574.41
2024-06,榕川市,自营App,付费投放,场景兴趣,4954.49,4061,147,13716.27
2024-06,榕川市,自营小程序,付费投放,常规拉新,4470.80,4860,147,14359.09
2024-06,榕川市,自营小程序,付费投放,场景兴趣,2740.16,2978,106,9572.73
2024-06,榕川市,第三方平台,付费投放,常规拉新,3383.75,4338,136,14072.11
2024-06,榕川市,第三方平台,付费投放,场景兴趣,2073.91,2659,99,9381.41
2024-07,北辰市,自营App,付费投放,常规拉新,6842.57,6708,209,20839.55
2024-07,北辰市,自营App,付费投放,场景兴趣,4193.83,4112,152,13893.03
2024-07,北辰市,自营小程序,付费投放,常规拉新,4043.58,5251,164,15882.22
2024-07,北辰市,自营小程序,付费投放,场景兴趣,2478.32,3219,118,10588.14
2024-07,北辰市,第三方平台,付费投放,常规拉新,2996.57,4540,149,15221.78
2024-07,北辰市,第三方平台,付费投放,场景兴趣,1836.61,2783,108,10147.85
2024-07,云岭市,自营App,付费投放,常规拉新,5978.08,5861,190,18589.54
2024-07,云岭市,自营App,付费投放,场景兴趣,3663.98,3592,138,12393.03
2024-07,云岭市,自营小程序,付费投放,常规拉新,3256.35,4229,125,12115.90
2024-07,云岭市,自营小程序,付费投放,场景兴趣,1995.82,2592,90,8077.27
2024-07,云岭市,第三方平台,付费投放,常规拉新,2433.51,3687,123,12512.84
2024-07,云岭市,第三方平台,付费投放,场景兴趣,1491.51,2260,89,8341.90
2024-07,东澜市,自营App,付费投放,常规拉新,11554.77,9471,300,29978.43
2024-07,东澜市,自营App,付费投放,场景兴趣,7081.95,5805,218,19985.62
2024-07,东澜市,自营小程序,付费投放,常规拉新,6736.42,7322,230,22445.38
2024-07,东澜市,自营小程序,付费投放,场景兴趣,4128.78,4488,166,14963.59
2024-07,东澜市,第三方平台,付费投放,常规拉新,4909.51,6294,208,21620.59
2024-07,东澜市,第三方平台,付费投放,场景兴趣,3009.05,3858,150,14413.73
2024-07,海岳市,自营App,付费投放,常规拉新,10234.85,8389,258,25697.06
2024-07,海岳市,自营App,付费投放,场景兴趣,6272.97,5142,186,17131.38
2024-07,海岳市,自营小程序,付费投放,常规拉新,5860.86,6371,194,19012.38
2024-07,海岳市,自营小程序,付费投放,场景兴趣,3592.14,3904,141,12674.92
2024-07,海岳市,第三方平台,付费投放,常规拉新,4342.73,5568,182,18737.21
2024-07,海岳市,第三方平台,付费投放,场景兴趣,2661.67,3412,132,12491.47
2024-07,南浦市,自营App,付费投放,常规拉新,9461.81,7756,237,23843.57
2024-07,南浦市,自营App,付费投放,场景兴趣,5799.17,4753,172,15895.72
2024-07,南浦市,自营小程序,付费投放,常规拉新,5267.64,5726,171,16700.57
2024-07,南浦市,自营小程序,付费投放,场景兴趣,3228.56,3509,123,11133.72
2024-07,南浦市,第三方平台,付费投放,常规拉新,3890.08,4987,172,17638.15
2024-07,南浦市,第三方平台,付费投放,场景兴趣,2384.24,3057,124,11758.77
2024-07,榕川市,自营App,付费投放,常规拉新,8049.61,6598,200,20170.63
2024-07,榕川市,自营App,付费投放,场景兴趣,4933.63,4044,145,13447.08
2024-07,榕川市,自营小程序,付费投放,常规拉新,4530.69,4925,143,14035.34
2024-07,榕川市,自营小程序,付费投放,场景兴趣,2776.87,3018,104,9356.90
2024-07,榕川市,第三方平台,付费投放,常规拉新,3314.59,4249,138,14390.03
2024-07,榕川市,第三方平台,付费投放,场景兴趣,2031.53,2605,100,9593.35
2024-08,北辰市,自营App,付费投放,常规拉新,7139.80,7000,216,21475.04
2024-08,北辰市,自营App,付费投放,场景兴趣,4376.00,4290,156,14316.70
2024-08,北辰市,自营小程序,付费投放,常规拉新,4084.16,5304,158,15372.52
2024-08,北辰市,自营小程序,付费投放,场景兴趣,2503.19,3251,115,10248.35
2024-08,北辰市,第三方平台,付费投放,常规拉新,3047.31,4617,146,14730.21
2024-08,北辰市,第三方平台,付费投放,场景兴趣,1867.71,2830,105,9820.14
2024-08,云岭市,自营App,付费投放,常规拉新,6067.88,5949,180,17924.20
2024-08,云岭市,自营App,付费投放,场景兴趣,3719.02,3646,131,11949.47
2024-08,云岭市,自营小程序,付费投放,常规拉新,3494.09,4538,136,13230.35
2024-08,云岭市,自营小程序,付费投放,场景兴趣,2141.54,2781,99,8820.24
2024-08,云岭市,第三方平台,付费投放,常规拉新,2634.84,3992,133,13528.31
2024-08,云岭市,第三方平台,付费投放,场景兴趣,1614.90,2447,97,9018.87
2024-08,东澜市,自营App,付费投放,常规拉新,12250.65,10042,316,31483.82
2024-08,东澜市,自营App,付费投放,场景兴趣,7508.47,6154,229,20989.22
2024-08,东澜市,自营小程序,付费投放,常规拉新,6979.41,7586,224,22147.10
2024-08,东澜市,自营小程序,付费投放,场景兴趣,4277.71,4650,163,14764.74
2024-08,东澜市,第三方平台,付费投放,常规拉新,5113.59,6556,214,22219.78
2024-08,东澜市,第三方平台,付费投放,场景兴趣,3134.13,4018,155,14813.19
2024-08,海岳市,自营App,付费投放,常规拉新,10629.69,8713,274,27438.47
2024-08,海岳市,自营App,付费投放,场景兴趣,6514.97,5340,199,18292.31
2024-08,海岳市,自营小程序,付费投放,常规拉新,5889.38,6402,195,19169.20
2024-08,海岳市,自营小程序,付费投放,场景兴趣,3609.62,3923,141,12779.46
2024-08,海岳市,第三方平台,付费投放,常规拉新,4452.02,5708,191,19735.40
2024-08,海岳市,第三方平台,付费投放,场景兴趣,2728.66,3498,139,13156.94
2024-08,南浦市,自营App,付费投放,常规拉新,9725.03,7971,249,24936.84
2024-08,南浦市,自营App,付费投放,场景兴趣,5960.51,4886,181,16624.56
2024-08,南浦市,自营小程序,付费投放,常规拉新,5660.08,6152,190,18536.83
2024-08,南浦市,自营小程序,付费投放,场景兴趣,3469.08,3771,138,12357.88
2024-08,南浦市,第三方平台,付费投放,常规拉新,4066.11,5213,169,17525.12
2024-08,南浦市,第三方平台,付费投放,场景兴趣,2492.13,3195,123,11683.41
2024-08,榕川市,自营App,付费投放,常规拉新,8330.99,6829,209,21051.97
2024-08,榕川市,自营App,付费投放,场景兴趣,5106.09,4185,152,14034.64
2024-08,榕川市,自营小程序,付费投放,常规拉新,4719.49,5130,152,15020.92
2024-08,榕川市,自营小程序,付费投放,场景兴趣,2892.59,3144,110,10013.94
2024-08,榕川市,第三方平台,付费投放,常规拉新,3459.67,4435,145,14990.50
2024-08,榕川市,第三方平台,付费投放,场景兴趣,2120.45,2719,105,9993.66
2024-09,北辰市,自营App,付费投放,常规拉新,7445.25,7299,220,21692.19
2024-09,北辰市,自营App,付费投放,场景兴趣,4563.21,4474,159,14461.46
2024-09,北辰市,自营小程序,付费投放,常规拉新,4260.32,5533,171,16349.14
2024-09,北辰市,自营小程序,付费投放,场景兴趣,2611.16,3391,123,10899.42
2024-09,北辰市,第三方平台,付费投放,常规拉新,3141.02,4759,159,16003.00
2024-09,北辰市,第三方平台,付费投放,场景兴趣,1925.14,2917,115,10668.66
2024-09,云岭市,自营App,付费投放,常规拉新,6235.46,6113,190,18915.85
2024-09,云岭市,自营App,付费投放,场景兴趣,3821.74,3747,137,12610.56
2024-09,云岭市,自营小程序,付费投放,常规拉新,3528.94,4583,140,13559.27
2024-09,云岭市,自营小程序,付费投放,场景兴趣,2162.90,2809,101,9039.52
2024-09,云岭市,第三方平台,付费投放,常规拉新,2633.20,3990,129,13182.03
2024-09,云岭市,第三方平台,付费投放,场景兴趣,1613.90,2445,94,8788.02
2024-09,东澜市,自营App,付费投放,常规拉新,12700.71,10410,331,33031.85
2024-09,东澜市,自营App,付费投放,场景兴趣,7784.31,6381,240,22021.24
2024-09,东澜市,自营小程序,付费投放,常规拉新,6942.91,7547,227,22472.71
2024-09,东澜市,自营小程序,付费投放,场景兴趣,4255.33,4625,165,14981.81
2024-09,东澜市,第三方平台,付费投放,常规拉新,5316.70,6816,224,22878.65
2024-09,东澜市,第三方平台,付费投放,场景兴趣,3258.62,4178,162,15252.43
2024-09,海岳市,自营App,付费投放,常规拉新,10717.43,8785,269,26983.71
2024-09,海岳市,自营App,付费投放,场景兴趣,6568.75,5384,194,17989.14
2024-09,海岳市,自营小程序,付费投放,常规拉新,6137.50,6671,211,20737.36
2024-09,海岳市,自营小程序,付费投放,场景兴趣,3761.70,4089,152,13824.91
2024-09,海岳市,第三方平台,付费投放,常规拉新,4586.46,5880,199,20347.64
2024-09,海岳市,第三方平台,付费投放,场景兴趣,2811.06,3604,144,13565.10
2024-09,南浦市,自营App,付费投放,常规拉新,9763.61,8003,244,24464.39
2024-09,南浦市,自营App,付费投放,场景兴趣,5984.15,4905,177,16309.60
2024-09,南浦市,自营小程序,付费投放,常规拉新,5591.06,6077,177,17438.12
2024-09,南浦市,自营小程序,付费投放,场景兴趣,3426.78,3725,129,11625.42
2024-09,南浦市,第三方平台,付费投放,常规拉新,4283.73,5492,176,18141.25
2024-09,南浦市,第三方平台,付费投放,场景兴趣,2625.51,3366,127,12094.16
2024-09,榕川市,自营App,付费投放,常规拉新,8491.35,6960,207,20722.44
2024-09,榕川市,自营App,付费投放,场景兴趣,5204.37,4266,150,13814.96
2024-09,榕川市,自营小程序,付费投放,常规拉新,4735.46,5147,160,15736.28
2024-09,榕川市,自营小程序,付费投放,场景兴趣,2902.38,3155,115,10490.86
2024-09,榕川市,第三方平台,付费投放,常规拉新,3643.44,4671,154,15837.95
2024-09,榕川市,第三方平台,付费投放,场景兴趣,2233.08,2863,112,10558.63
2024-10,北辰市,自营App,付费投放,常规拉新,7878.44,7724,245,24141.91
2024-10,北辰市,自营App,付费投放,场景兴趣,4828.72,4734,178,16094.61
2024-10,北辰市,自营小程序,付费投放,常规拉新,4293.74,5576,173,16761.89
2024-10,北辰市,自营小程序,付费投放,场景兴趣,2631.64,3418,126,11174.59
2024-10,北辰市,第三方平台,付费投放,常规拉新,3343.98,5067,162,16421.87
2024-10,北辰市,第三方平台,付费投放,场景兴趣,2049.54,3105,117,10947.92
2024-10,云岭市,自营App,付费投放,常规拉新,6571.27,6442,196,19504.05
2024-10,云岭市,自营App,付费投放,场景兴趣,4027.55,3949,142,13002.70
2024-10,云岭市,自营小程序,付费投放,常规拉新,3761.91,4886,147,14328.57
2024-10,云岭市,自营小程序,付费投放,场景兴趣,2305.69,2994,107,9552.38
2024-10,云岭市,第三方平台,付费投放,常规拉新,2843.53,4308,136,13941.13
2024-10,云岭市,第三方平台,付费投放,场景兴趣,1742.81,2641,98,9294.09
2024-10,东澜市,自营App,付费投放,常规拉新,13060.76,10706,328,32952.10
2024-10,东澜市,自营App,付费投放,场景兴趣,8004.98,6561,238,21968.07
2024-10,东澜市,自营小程序,付费投放,常规拉新,7353.03,7992,245,24134.81
2024-10,东澜市,自营小程序,付费投放,场景兴趣,4506.69,4899,178,16089.88
2024-10,东澜市,第三方平台,付费投放,常规拉新,5410.03,6936,234,24098.78
2024-10,东澜市,第三方平台,付费投放,场景兴趣,3315.83,4251,169,16065.86
2024-10,海岳市,自营App,付费投放,常规拉新,11242.37,9215,277,28033.94
2024-10,海岳市,自营App,付费投放,场景兴趣,6890.49,5648,200,18689.29
2024-10,海岳市,自营小程序,付费投放,常规拉新,6189.98,6728,208,20336.60
2024-10,海岳市,自营小程序,付费投放,场景兴趣,3793.86,4124,150,13557.73
2024-10,海岳市,第三方平台,付费投放,常规拉新,4669.16,5986,200,20706.73
2024-10,海岳市,第三方平台,付费投放,场景兴趣,2861.74,3669,144,13804.49
2024-10,南浦市,自营App,付费投放,常规拉新,10314.27,8454,255,25422.20
2024-10,南浦市,自营App,付费投放,场景兴趣,6321.65,5182,184,16948.13
2024-10,南浦市,自营小程序,付费投放,常规拉新,5848.88,6357,195,19386.90
2024-10,南浦市,自营小程序,付费投放,场景兴趣,3584.80,3897,142,12924.60
2024-10,南浦市,第三方平台,付费投放,常规拉新,4488.29,5754,182,18801.94
2024-10,南浦市,第三方平台,付费投放,场景兴趣,2750.89,3527,132,12534.62
2024-10,榕川市,自营App,付费投放,常规拉新,8891.48,7288,228,22829.47
2024-10,榕川市,自营App,付费投放,场景兴趣,5449.62,4467,165,15219.64
2024-10,榕川市,自营小程序,付费投放,常规拉新,4916.85,5344,165,16264.58
2024-10,榕川市,自营小程序,付费投放,场景兴趣,3013.55,3276,120,10843.05
2024-10,榕川市,第三方平台,付费投放,常规拉新,3703.41,4748,151,15525.17
2024-10,榕川市,第三方平台,付费投放,场景兴趣,2269.83,2910,110,10350.12
2024-11,北辰市,自营App,付费投放,常规拉新,9460.07,9275,277,27413.86
2024-11,北辰市,自营App,付费投放,场景兴趣,5798.11,5684,200,18275.91
2024-11,北辰市,自营小程序,付费投放,常规拉新,5308.69,6894,206,20119.79
2024-11,北辰市,自营小程序,付费投放,场景兴趣,3253.71,4226,150,13413.19
2024-11,北辰市,第三方平台,付费投放,常规拉新,3988.88,6044,198,20023.28
2024-11,北辰市,第三方平台,付费投放,场景兴趣,2444.80,3704,144,13348.85
2024-11,云岭市,自营App,付费投放,常规拉新,8196.54,8036,244,24070.95
2024-11,云岭市,自营App,付费投放,场景兴趣,5023.68,4925,176,16047.30
2024-11,云岭市,自营小程序,付费投放,常规拉新,4624.10,6005,178,17265.62
2024-11,云岭市,自营小程序,付费投放,场景兴趣,2834.12,3681,129,11510.41
2024-11,云岭市,第三方平台,付费投放,常规拉新,3429.51,5196,176,18056.80
2024-11,云岭市,第三方平台,付费投放,场景兴趣,2101.95,3185,128,12037.87
2024-11,东澜市,自营App,付费投放,常规拉新,15881.37,13018,404,40686.05
2024-11,东澜市,自营App,付费投放,场景兴趣,9733.75,7978,292,27124.04
2024-11,东澜市,自营小程序,付费投放,常规拉新,8941.59,9719,305,29963.98
2024-11,东澜市,自营小程序,付费投放,场景兴趣,5480.33,5957,221,19975.98
2024-11,东澜市,第三方平台,付费投放,常规拉新,6833.27,8761,285,29701.07
2024-11,东澜市,第三方平台,付费投放,场景兴趣,4188.13,5369,207,19800.71
2024-11,海岳市,自营App,付费投放,常规拉新,13708.99,11237,342,34365.82
2024-11,海岳市,自营App,付费投放,场景兴趣,8402.29,6887,247,22910.55
2024-11,海岳市,自营小程序,付费投放,常规拉新,7877.79,8563,254,24806.73
2024-11,海岳市,自营小程序,付费投放,场景兴趣,4828.33,5248,184,16537.82
2024-11,海岳市,第三方平台,付费投放,常规拉新,5815.29,7456,240,24851.04
2024-11,海岳市,第三方平台,付费投放,场景兴趣,3564.21,4569,174,16567.36
2024-11,南浦市,自营App,付费投放,常规拉新,12730.97,10435,330,33315.36
2024-11,南浦市,自营App,付费投放,场景兴趣,7802.85,6396,239,22210.24
2024-11,南浦市,自营小程序,付费投放,常规拉新,7264.04,7896,246,24294.98
2024-11,南浦市,自营小程序,付费投放,场景兴趣,4452.16,4839,178,16196.66
2024-11,南浦市,第三方平台,付费投放,常规拉新,5327.82,6831,230,23678.29
2024-11,南浦市,第三方平台,付费投放,场景兴趣,3265.44,4186,166,15785.52
2024-11,榕川市,自营App,付费投放,常规拉新,10591.87,8682,262,26204.27
2024-11,榕川市,自营App,付费投放,场景兴趣,6491.79,5321,189,17469.51
2024-11,榕川市,自营小程序,付费投放,常规拉新,6059.36,6586,203,19989.34
2024-11,榕川市,自营小程序,付费投放,场景兴趣,3713.80,4037,147,13326.23
2024-11,榕川市,第三方平台,付费投放,常规拉新,4564.22,5852,186,19162.64
2024-11,榕川市,第三方平台,付费投放,场景兴趣,2797.42,3586,135,12775.10
2024-12,北辰市,自营App,付费投放,常规拉新,8363.49,8200,244,24104.98
2024-12,北辰市,自营App,付费投放,场景兴趣,5126.01,5025,177,16069.98
2024-12,北辰市,自营小程序,付费投放,常规拉新,4763.97,6187,194,18867.23
2024-12,北辰市,自营小程序,付费投放,场景兴趣,2919.86,3792,140,12578.15
2024-12,北辰市,第三方平台,付费投放,常规拉新,3638.61,5513,181,18369.51
2024-12,北辰市,第三方平台,付费投放,场景兴趣,2230.11,3379,131,12246.34
2024-12,云岭市,自营App,付费投放,常规拉新,7214.42,7073,214,20992.91
2024-12,云岭市,自营App,付费投放,场景兴趣,4421.74,4335,155,13995.28
2024-12,云岭市,自营小程序,付费投放,常规拉新,3923.27,5095,154,14967.10
2024-12,云岭市,自营小程序,付费投放,场景兴趣,2404.59,3123,111,9978.06
2024-12,云岭市,第三方平台,付费投放,常规拉新,2988.39,4528,147,15066.39
2024-12,云岭市,第三方平台,付费投放,场景兴趣,1831.59,2775,107,10044.26
2024-12,东澜市,自营App,付费投放,常规拉新,13715.80,11242,346,34667.74
2024-12,东澜市,自营App,付费投放,场景兴趣,8406.46,6891,250,23111.83
2024-12,东澜市,自营小程序,付费投放,常规拉新,7973.05,8666,253,25039.10
2024-12,东澜市,自营小程序,付费投放,场景兴趣,4886.71,5312,183,16692.74
2024-12,东澜市,第三方平台,付费投放,常规拉新,5897.02,7560,252,25843.27
2024-12,东澜市,第三方平台,付费投放,场景兴趣,3614.30,4634,183,17228.85
2024-12,海岳市,自营App,付费投放,常规拉新,12215.10,10012,311,31347.93
2024-12,海岳市,自营App,付费投放,场景兴趣,7486.68,6137,226,20898.62
2024-12,海岳市,自营小程序,付费投放,常规拉新,6973.14,7580,240,23559.34
2024-12,海岳市,自营小程序,付费投放,场景兴趣,4273.86,4645,174,15706.23
2024-12,海岳市,第三方平台,付费投放,常规拉新,5051.20,6476,221,22723.38
2024-12,海岳市,第三方平台,付费投放,场景兴趣,3095.90,3969,160,15148.92
2024-12,南浦市,自营App,付费投放,常规拉新,11219.68,9196,287,28767.77
2024-12,南浦市,自营App,付费投放,场景兴趣,6876.58,5637,207,19178.52
2024-12,南浦市,自营小程序,付费投放,常规拉新,6517.39,7084,213,20875.39
2024-12,南浦市,自营小程序,付费投放,场景兴趣,3994.53,4342,154,13916.93
2024-12,南浦市,第三方平台,付费投放,常规拉新,4743.15,6081,200,20372.14
2024-12,南浦市,第三方平台,付费投放,场景兴趣,2907.09,3727,144,13581.42
2024-12,榕川市,自营App,付费投放,常规拉新,9590.40,7861,248,24807.05
2024-12,榕川市,自营App,付费投放,场景兴趣,5877.98,4818,180,16538.03
2024-12,榕川市,自营小程序,付费投放,常规拉新,5427.93,5900,182,17942.95
2024-12,榕川市,自营小程序,付费投放,场景兴趣,3326.79,3616,131,11961.96
2024-12,榕川市,第三方平台,付费投放,常规拉新,4068.04,5215,172,17667.96
2024-12,榕川市,第三方平台,付费投放,场景兴趣,2493.32,3197,124,11778.64
2025-01,北辰市,自营App,付费投放,常规拉新,6655.38,6525,194,19261.27
2025-01,北辰市,自营App,付费投放,场景兴趣,4079.10,3999,141,12840.85
2025-01,北辰市,自营小程序,付费投放,常规拉新,3650.68,4741,143,13776.15
2025-01,北辰市,自营小程序,付费投放,场景兴趣,2237.51,2906,103,9184.10
2025-01,北辰市,第三方平台,付费投放,常规拉新,2860.72,4334,138,14114.29
2025-01,北辰市,第三方平台,付费投放,场景兴趣,1753.34,2657,100,9409.52
2025-01,云岭市,自营App,付费投放,常规拉新,5582.19,5473,172,16975.96
2025-01,云岭市,自营App,付费投放,场景兴趣,3421.35,3354,124,11317.30
2025-01,云岭市,自营小程序,付费投放,常规拉新,3195.24,4150,122,11749.59
2025-01,云岭市,自营小程序,付费投放,场景兴趣,1958.37,2543,88,7833.06
2025-01,云岭市,第三方平台,付费投放,常规拉新,2336.94,3541,118,12137.36
2025-01,云岭市,第三方平台,付费投放,场景兴趣,1432.32,2170,86,8091.57
2025-01,东澜市,自营App,付费投放,常规拉新,11352.05,9305,287,28606.80
2025-01,东澜市,自营App,付费投放,场景兴趣,6957.71,5703,208,19071.20
2025-01,东澜市,自营小程序,付费投放,常规拉新,6236.75,6779,206,20288.10
2025-01,东澜市,自营小程序,付费投放,场景兴趣,3822.53,4155,149,13525.40
2025-01,东澜市,第三方平台,付费投放,常规拉新,4670.61,5988,194,19979.96
2025-01,东澜市,第三方平台,付费投放,场景兴趣,2862.63,3670,141,13319.98
2025-01,海岳市,自营App,付费投放,常规拉新,9416.42,7718,246,25000.57
2025-01,海岳市,自营App,付费投放,场景兴趣,5771.36,4731,178,16667.04
2025-01,海岳市,自营小程序,付费投放,常规拉新,5384.01,5852,176,17087.38
2025-01,海岳市,自营小程序,付费投放,场景兴趣,3299.87,3587,127,11391.58
2025-01,海岳市,第三方平台,付费投放,常规拉新,3998.89,5127,173,17752.51
2025-01,海岳市,第三方平台,付费投放,场景兴趣,2450.93,3142,125,11835.00
2025-01,南浦市,自营App,付费投放,常规拉新,8807.52,7219,222,22000.54
2025-01,南浦市,自营App,付费投放,场景兴趣,5398.16,4425,160,14667.03
2025-01,南浦市,自营小程序,付费投放,常规拉新,5061.16,5501,167,16408.34
2025-01,南浦市,自营小程序,付费投放,场景兴趣,3102.00,3372,121,10938.90
2025-01,南浦市,第三方平台,付费投放,常规拉新,3628.93,4652,148,15189.76
2025-01,南浦市,第三方平台,付费投放,场景兴趣,2224.19,2852,107,10126.50
2025-01,榕川市,自营App,付费投放,常规拉新,7269.00,5958,178,17964.67
2025-01,榕川市,自营App,付费投放,场景兴趣,4455.20,3652,129,11976.45
2025-01,榕川市,自营小程序,付费投放,常规拉新,4263.74,4635,140,13754.95
2025-01,榕川市,自营小程序,付费投放,场景兴趣,2613.26,2840,102,9169.96
2025-01,榕川市,第三方平台,付费投放,常规拉新,3194.66,4096,135,13864.99
2025-01,榕川市,第三方平台,付费投放,场景兴趣,1958.02,2510,97,9243.32
2025-02,北辰市,自营App,付费投放,常规拉新,5947.72,5831,183,18047.74
2025-02,北辰市,自营App,付费投放,场景兴趣,3645.38,3574,132,12031.82
2025-02,北辰市,自营小程序,付费投放,常规拉新,3337.50,4334,130,12576.44
2025-02,北辰市,自营小程序,付费投放,场景兴趣,2045.57,2657,94,8384.30
2025-02,北辰市,第三方平台,付费投放,常规拉新,2580.82,3910,131,13359.44
2025-02,北辰市,第三方平台,付费投放,场景兴趣,1581.80,2397,94,8906.29
2025-02,云岭市,自营App,付费投放,常规拉新,5087.03,4987,148,14648.80
2025-02,云岭市,自营App,付费投放,场景兴趣,3117.85,3057,107,9765.86
2025-02,云岭市,自营小程序,付费投放,常规拉新,2879.68,3740,110,10637.96
2025-02,云岭市,自营小程序,付费投放,场景兴趣,1764.96,2292,79,7091.97
2025-02,云岭市,第三方平台,付费投放,常规拉新,2146.25,3252,104,10571.99
2025-02,云岭市,第三方平台,付费投放,场景兴趣,1315.45,1993,75,7048.00
2025-02,东澜市,自营App,付费投放,常规拉新,10407.31,8531,253,25573.80
2025-02,东澜市,自营App,付费投放,场景兴趣,6378.67,5228,184,17049.20
2025-02,东澜市,自营小程序,付费投放,常规拉新,5797.55,6302,183,18182.54
2025-02,东澜市,自营小程序,付费投放,场景兴趣,3553.33,3862,133,12121.70
2025-02,东澜市,第三方平台,付费投放,常规拉新,4315.65,5533,180,18693.41
2025-02,东澜市,第三方平台,付费投放,场景兴趣,2645.07,3391,130,12462.28
2025-02,海岳市,自营App,付费投放,常规拉新,8906.61,7301,223,22247.65
2025-02,海岳市,自营App,付费投放,场景兴趣,5458.89,4474,161,14831.77
2025-02,海岳市,自营小程序,付费投放,常规拉新,4971.04,5403,159,15726.97
2025-02,海岳市,自营小程序,付费投放,场景兴趣,3046.76,3312,115,10484.65
2025-02,海岳市,第三方平台,付费投放,常规拉新,3742.58,4798,153,15826.63
2025-02,海岳市,第三方平台,付费投放,场景兴趣,2293.84,2941,110,10551.09
2025-02,南浦市,自营App,付费投放,常规拉新,8218.29,6736,212,21202.91
2025-02,南浦市,自营App,付费投放,场景兴趣,5037.01,4129,154,14135.28
2025-02,南浦市,自营小程序,付费投放,常规拉新,4773.11,5188,157,15472.55
2025-02,南浦市,自营小程序,付费投放,场景兴趣,2925.45,3180,113,10315.03
2025-02,南浦市,第三方平台,付费投放,常规拉新,3398.74,4357,146,15182.87
2025-02,南浦市,第三方平台,付费投放,场景兴趣,2083.10,2671,106,10121.91
2025-02,榕川市,自营App,付费投放,常规拉新,6955.10,5701,176,17624.15
2025-02,榕川市,自营App,付费投放,场景兴趣,4262.80,3494,128,11749.43
2025-02,榕川市,自营小程序,付费投放,常规拉新,4015.05,4364,129,12627.67
2025-02,榕川市,自营小程序,付费投放,场景兴趣,2460.83,2675,93,8418.44
2025-02,榕川市,第三方平台,付费投放,常规拉新,2898.70,3716,124,12882.85
2025-02,榕川市,第三方平台,付费投放,场景兴趣,1776.62,2278,90,8588.57
2025-03,北辰市,自营App,付费投放,常规拉新,7649.51,7500,224,22170.94
2025-03,北辰市,自营App,付费投放,场景兴趣,4688.41,4596,163,14780.62
2025-03,北辰市,自营小程序,付费投放,常规拉新,4296.12,5579,167,16231.98
2025-03,北辰市,自营小程序,付费投放,场景兴趣,2633.11,3420,121,10821.32
2025-03,北辰市,第三方平台,付费投放,常规拉新,3197.49,4845,161,16521.19
2025-03,北辰市,第三方平台,付费投放,场景兴趣,1959.75,2969,117,11014.13
2025-03,云岭市,自营App,付费投放,常规拉新,6294.28,6171,186,18451.47
2025-03,云岭市,自营App,付费投放,场景兴趣,3857.78,3782,135,12300.98
2025-03,云岭市,自营小程序,付费投放,常规拉新,3691.26,4794,144,13826.45
2025-03,云岭市,自营小程序,付费投放,场景兴趣,2262.38,2938,104,9217.64
2025-03,云岭市,第三方平台,付费投放,常规拉新,2792.38,4231,139,14127.43
2025-03,云岭市,第三方平台,付费投放,场景兴趣,1711.46,2593,100,9418.28
2025-03,东澜市,自营App,付费投放,常规拉新,12760.47,10459,332,33144.56
2025-03,东澜市,自营App,付费投放,场景兴趣,7820.93,6411,240,22096.38
2025-03,东澜市,自营小程序,付费投放,常规拉新,7130.00,7750,234,22804.28
2025-03,东澜市,自营小程序,付费投放,场景兴趣,4370.00,4750,169,15202.86
2025-03,东澜市,第三方平台,付费投放,常规拉新,5364.09,6877,219,22380.05
2025-03,东澜市,第三方平台,付费投放,场景兴趣,3287.67,4215,158,14920.03
2025-03,海岳市,自营App,付费投放,常规拉新,10911.83,8944,277,27822.82
2025-03,海岳市,自营App,付费投放,场景兴趣,6687.89,5482,200,18548.55
2025-03,海岳市,自营小程序,付费投放,常规拉新,6221.92,6763,205,20224.04
2025-03,海岳市,自营小程序,付费投放,场景兴趣,3813.44,4145,148,13482.69
2025-03,海岳市,第三方平台,付费投放,常规拉新,4564.70,5852,198,20524.74
2025-03,海岳市,第三方平台,付费投放,场景兴趣,2797.72,3587,143,13683.16
2025-03,南浦市,自营App,付费投放,常规拉新,10207.62,8367,255,25627.48
2025-03,南浦市,自营App,付费投放,场景兴趣,6256.28,5128,185,17084.99
2025-03,南浦市,自营小程序,付费投放,常规拉新,5842.61,6351,192,18761.26
2025-03,南浦市,自营小程序,付费投放,场景兴趣,3580.95,3892,139,12507.50
2025-03,南浦市,第三方平台,付费投放,常规拉新,4239.72,5436,181,18581.36
2025-03,南浦市,第三方平台,付费投放,场景兴趣,2598.54,3331,131,12387.57
2025-03,榕川市,自营App,付费投放,常规拉新,8671.37,7108,216,21664.78
2025-03,榕川市,自营App,付费投放,场景兴趣,5314.71,4356,156,14443.18
2025-03,榕川市,自营小程序,付费投放,常规拉新,4977.31,5410,164,16192.62
2025-03,榕川市,自营小程序,付费投放,场景兴趣,3050.61,3316,118,10795.08
2025-03,榕川市,第三方平台,付费投放,常规拉新,3645.86,4674,153,15978.06
2025-03,榕川市,第三方平台,付费投放,场景兴趣,2234.56,2865,111,10652.04
2025-04,北辰市,自营App,付费投放,常规拉新,7600.18,7451,222,21982.55
2025-04,北辰市,自营App,付费投放,场景兴趣,4658.18,4567,161,14655.03
2025-04,北辰市,自营小程序,付费投放,常规拉新,4233.58,5498,166,16121.09
2025-04,北辰市,自营小程序,付费投放,场景兴趣,2594.78,3370,121,10747.39
2025-04,北辰市,第三方平台,付费投放,常规拉新,3161.89,4791,153,15630.98
2025-04,北辰市,第三方平台,付费投放,场景兴趣,1937.93,2936,111,10420.66
2025-04,云岭市,自营App,付费投放,常规拉新,6277.83,6155,182,17982.32
2025-04,云岭市,自营App,付费投放,场景兴趣,3847.71,3772,132,11988.22
2025-04,云岭市,自营小程序,付费投放,常规拉新,3626.81,4710,142,13664.76
2025-04,云岭市,自营小程序,付费投放,场景兴趣,2222.88,2887,103,9109.84
2025-04,云岭市,第三方平台,付费投放,常规拉新,2661.44,4032,129,13187.19
2025-04,云岭市,第三方平台,付费投放,场景兴趣,1631.20,2472,94,8791.46
2025-04,东澜市,自营App,付费投放,常规拉新,12583.47,10314,308,30960.21
2025-04,东澜市,自营App,付费投放,场景兴趣,7712.45,6322,223,20640.14
2025-04,东澜市,自营小程序,付费投放,常规拉新,7128.86,7749,245,23949.29
2025-04,东澜市,自营小程序,付费投放,场景兴趣,4369.30,4749,178,15966.19
2025-04,东澜市,第三方平台,付费投放,常规拉新,5219.01,6691,215,22246.49
2025-04,东澜市,第三方平台,付费投放,场景兴趣,3198.75,4101,155,14830.99
2025-04,海岳市,自营App,付费投放,常规拉新,10824.84,8873,264,26492.12
2025-04,海岳市,自营App,付费投放,场景兴趣,6634.58,5438,191,17661.41
2025-04,海岳市,自营小程序,付费投放,常规拉新,6135.79,6669,198,19413.39
2025-04,海岳市,自营小程序,付费投放,场景兴趣,3760.65,4088,143,12942.26
2025-04,海岳市,第三方平台,付费投放,常规拉新,4648.85,5960,189,19549.33
2025-04,海岳市,第三方平台,付费投放,场景兴趣,2849.29,3653,136,13032.88
2025-04,南浦市,自营App,付费投放,常规拉新,10187.20,8350,263,26473.40
2025-04,南浦市,自营App,付费投放,场景兴趣,6243.76,5118,190,17648.93
2025-04,南浦市,自营小程序,付费投放,常规拉新,5803.25,6308,190,19034.65
2025-04,南浦市,自营小程序,付费投放,场景兴趣,3556.83,3866,138,12689.76
2025-04,南浦市,第三方平台,付费投放,常规拉新,4268.74,5473,169,17695.00
2025-04,南浦市,第三方平台,付费投放,场景兴趣,2616.32,3354,122,11796.66
2025-04,榕川市,自营App,付费投放,常规拉新,8628.25,7072,209,21241.11
2025-04,榕川市,自营App,付费投放,场景兴趣,5288.29,4335,152,14160.74
2025-04,榕川市,自营小程序,付费投放,常规拉新,4839.84,5261,159,15848.77
2025-04,榕川市,自营小程序,付费投放,场景兴趣,2966.36,3224,115,10565.84
2025-04,榕川市,第三方平台,付费投放,常规拉新,3616.36,4636,151,15845.68
2025-04,榕川市,第三方平台,付费投放,场景兴趣,2216.48,2842,109,10563.79
2025-05,北辰市,自营App,付费投放,常规拉新,7998.60,7842,253,24837.25
2025-05,北辰市,自营App,付费投放,场景兴趣,4902.36,4806,184,16558.17
2025-05,北辰市,自营小程序,付费投放,常规拉新,4406.40,5723,169,16356.95
2025-05,北辰市,自营小程序,付费投放,场景兴趣,2700.70,3507,123,10904.64
2025-05,北辰市,第三方平台,付费投放,常规拉新,3313.29,5020,158,16221.58
2025-05,北辰市,第三方平台,付费投放,场景兴趣,2030.73,3077,115,10814.39
2025-05,云岭市,自营App,付费投放,常规拉新,6757.19,6625,200,19789.28
2025-05,云岭市,自营App,付费投放,场景兴趣,4141.51,4060,145,13192.86
2025-05,云岭市,自营小程序,付费投放,常规拉新,3781.01,4910,151,14701.73
2025-05,云岭市,自营小程序,付费投放,场景兴趣,2317.39,3010,110,9801.15
2025-05,云岭市,第三方平台,付费投放,常规拉新,2820.62,4274,137,13995.56
2025-05,云岭市,第三方平台,付费投放,场景兴趣,1728.76,2619,100,9330.37
2025-05,东澜市,自营App,付费投放,常规拉新,13223.38,10839,335,33527.14
2025-05,东澜市,自营App,付费投放,场景兴趣,8104.66,6643,242,22351.43
2025-05,东澜市,自营小程序,付费投放,常规拉新,7685.00,8353,249,24432.18
2025-05,东澜市,自营小程序,付费投放,场景兴趣,4710.16,5120,180,16288.12
2025-05,东澜市,第三方平台,付费投放,常规拉新,5631.52,7220,229,23702.66
2025-05,东澜市,第三方平台,付费投放,场景兴趣,3451.58,4425,165,15801.77
2025-05,海岳市,自营App,付费投放,常规拉新,11420.13,9361,299,29845.77
2025-05,海岳市,自营App,付费投放,场景兴趣,6999.43,5737,216,19897.18
2025-05,海岳市,自营小程序,付费投放,常规拉新,6265.27,6810,210,20459.21
2025-05,海岳市,自营小程序,付费投放,场景兴趣,3840.01,4174,152,13639.48
2025-05,海岳市,第三方平台,付费投放,常规拉新,4758.14,6100,198,20352.30
2025-05,海岳市,第三方平台,付费投放,场景兴趣,2916.28,3739,143,13568.20
2025-05,南浦市,自营App,付费投放,常规拉新,10665.24,8742,262,26501.32
2025-05,南浦市,自营App,付费投放,场景兴趣,6536.76,5358,189,17667.55
2025-05,南浦市,自营小程序,付费投放,常规拉新,6071.91,6600,192,19289.74
2025-05,南浦市,自营小程序,付费投放,场景兴趣,3721.49,4045,139,12859.83
2025-05,南浦市,第三方平台,付费投放,常规拉新,4477.65,5741,187,19700.06
2025-05,南浦市,第三方平台,付费投放,场景兴趣,2744.37,3518,136,13133.38
2025-05,榕川市,自营App,付费投放,常规拉新,8992.84,7371,226,22942.45
2025-05,榕川市,自营App,付费投放,场景兴趣,5511.74,4518,164,15294.97
2025-05,榕川市,自营小程序,付费投放,常规拉新,5147.29,5595,160,15978.96
2025-05,榕川市,自营小程序,付费投放,场景兴趣,3154.79,3429,115,10652.64
2025-05,榕川市,第三方平台,付费投放,常规拉新,3842.69,4927,162,16940.64
2025-05,榕川市,第三方平台,付费投放,场景兴趣,2355.19,3019,118,11293.76
2025-06,北辰市,自营App,付费投放,常规拉新,7809.51,7656,235,23284.32
2025-06,北辰市,自营App,付费投放,场景兴趣,4786.47,4693,170,15522.88
2025-06,北辰市,自营小程序,付费投放,常规拉新,4407.83,5724,177,17119.27
2025-06,北辰市,自营小程序,付费投放,场景兴趣,2701.58,3509,129,11412.85
2025-06,北辰市,第三方平台,付费投放,常规拉新,3290.79,4986,161,16413.14
2025-06,北辰市,第三方平台,付费投放,场景兴趣,2016.93,3056,117,10942.10
2025-06,云岭市,自营App,付费投放,常规拉新,6554.19,6426,206,20326.52
2025-06,云岭市,自营App,付费投放,场景兴趣,4017.09,3938,149,13551.01
2025-06,云岭市,自营小程序,付费投放,常规拉新,3738.04,4855,154,14922.34
2025-06,云岭市,自营小程序,付费投放,场景兴趣,2291.06,2975,112,9948.22
2025-06,云岭市,第三方平台,付费投放,常规拉新,2726.91,4132,137,14046.07
2025-06,云岭市,第三方平台,付费投放,场景兴趣,1671.33,2532,100,9364.04
2025-06,东澜市,自营App,付费投放,常规拉新,13432.91,11011,346,34438.52
2025-06,东澜市,自营App,付费投放,场景兴趣,8233.07,6748,251,22959.02
2025-06,东澜市,自营小程序,付费投放,常规拉新,7529.28,8184,248,24477.50
2025-06,东澜市,自营小程序,付费投放,场景兴趣,4614.72,5016,180,16318.33
2025-06,东澜市,第三方平台,付费投放,常规拉新,5473.38,7017,220,22956.23
2025-06,东澜市,第三方平台,付费投放,场景兴趣,3354.66,4301,160,15304.15
2025-06,海岳市,自营App,付费投放,常规拉新,11364.91,9316,289,28712.90
2025-06,海岳市,自营App,付费投放,场景兴趣,6965.59,5709,209,19141.93
2025-06,海岳市,自营小程序,付费投放,常规拉新,6414.72,6973,203,20000.15
2025-06,海岳市,自营小程序,付费投放,场景兴趣,3931.60,4273,147,13333.43
2025-06,海岳市,第三方平台,付费投放,常规拉新,4684.15,6005,193,19927.76
2025-06,海岳市,第三方平台,付费投放,场景兴趣,2870.93,3681,139,13285.17
2025-06,南浦市,自营App,付费投放,常规拉新,10849.05,8893,260,26619.72
2025-06,南浦市,自营App,付费投放,场景兴趣,6649.41,5450,189,17746.48
2025-06,南浦市,自营小程序,付费投放,常规拉新,6187.13,6725,205,20609.29
2025-06,南浦市,自营小程序,付费投放,场景兴趣,3792.11,4122,149,13739.53
2025-06,南浦市,第三方平台,付费投放,常规拉新,4395.92,5636,176,18359.09
2025-06,南浦市,第三方平台,付费投放,场景兴趣,2694.28,3454,127,12239.40
2025-06,榕川市,自营App,付费投放,常规拉新,8958.05,7343,212,21774.87
2025-06,榕川市,自营App,付费投放,场景兴趣,5490.41,4500,154,14516.58
2025-06,榕川市,自营小程序,付费投放,常规拉新,5096.52,5540,166,16597.87
2025-06,榕川市,自营小程序,付费投放,场景兴趣,3123.68,3395,120,11065.24
2025-06,榕川市,第三方平台,付费投放,常规拉新,3770.63,4834,150,15772.05
2025-06,榕川市,第三方平台,付费投放,场景兴趣,2311.03,2963,109,10514.70
2025-07,北辰市,自营App,付费投放,常规拉新,7782.31,7630,229,22824.17
2025-07,北辰市,自营App,付费投放,场景兴趣,4769.81,4676,166,15216.12
2025-07,北辰市,自营小程序,付费投放,常规拉新,4274.16,5551,170,16476.19
2025-07,北辰市,自营小程序,付费投放,场景兴趣,2619.65,3402,123,10984.12
2025-07,北辰市,第三方平台,付费投放,常规拉新,3176.21,4812,154,15640.79
2025-07,北辰市,第三方平台,付费投放,场景兴趣,1946.71,2950,111,10427.19
2025-07,云岭市,自营App,付费投放,常规拉新,6608.58,6479,197,19344.47
2025-07,云岭市,自营App,付费投放,场景兴趣,4050.42,3971,142,12896.31
2025-07,云岭市,自营小程序,付费投放,常规拉新,3674.55,4772,142,13866.70
2025-07,云岭市,自营小程序,付费投放,场景兴趣,2252.14,2925,103,9244.46
2025-07,云岭市,第三方平台,付费投放,常规拉新,2800.97,4244,140,14243.91
2025-07,云岭市,第三方平台,付费投放,场景兴趣,1716.73,2601,102,9495.94
2025-07,东澜市,自营App,付费投放,常规拉新,12812.66,10502,327,32566.75
2025-07,东澜市,自营App,付费投放,场景兴趣,7852.92,6437,236,21711.16
2025-07,东澜市,自营小程序,付费投放,常规拉新,7306.25,7942,240,23620.15
2025-07,东澜市,自营小程序,付费投放,场景兴趣,4478.03,4867,174,15746.77
2025-07,东澜市,第三方平台,付费投放,常规拉新,5472.90,7017,232,23808.55
2025-07,东澜市,第三方平台,付费投放,场景兴趣,3354.36,4300,168,15872.37
2025-07,海岳市,自营App,付费投放,常规拉新,11450.38,9386,292,29440.33
2025-07,海岳市,自营App,付费投放,场景兴趣,7017.98,5752,212,19626.88
2025-07,海岳市,自营小程序,付费投放,常规拉新,6258.43,6803,209,20475.65
2025-07,海岳市,自营小程序,付费投放,场景兴趣,3835.81,4169,151,13650.43
2025-07,海岳市,第三方平台,付费投放,常规拉新,4740.73,6078,194,20239.58
2025-07,海岳市,第三方平台,付费投放,场景兴趣,2905.61,3725,141,13493.05
2025-07,南浦市,自营App,付费投放,常规拉新,10524.55,8627,257,26319.86
2025-07,南浦市,自营App,付费投放,场景兴趣,6450.53,5287,186,17546.57
2025-07,南浦市,自营小程序,付费投放,常规拉新,6076.47,6605,196,19770.85
2025-07,南浦市,自营小程序,付费投放,场景兴趣,3724.29,4048,142,13180.57
2025-07,南浦市,第三方平台,付费投放,常规拉新,4494.58,5762,184,19386.28
2025-07,南浦市,第三方平台,付费投放,场景兴趣,2754.74,3532,133,12924.19
2025-07,榕川市,自营App,付费投放,常规拉新,9209.17,7549,229,23510.30
2025-07,榕川市,自营App,付费投放,场景兴趣,5644.33,4626,165,15673.54
2025-07,榕川市,自营小程序,付费投放,常规拉新,4997.27,5432,161,16328.78
2025-07,榕川市,自营小程序,付费投放,场景兴趣,3062.85,3329,117,10885.85
2025-07,榕川市,第三方平台,付费投放,常规拉新,3816.57,4893,159,16964.12
2025-07,榕川市,第三方平台,付费投放,场景兴趣,2339.19,2999,115,11309.42
2025-08,北辰市,自营App,付费投放,常规拉新,8032.11,7875,244,24248.24
2025-08,北辰市,自营App,付费投放,场景兴趣,4922.91,4826,177,16165.50
2025-08,北辰市,自营小程序,付费投放,常规拉新,4478.01,5816,177,17189.35
2025-08,北辰市,自营小程序,付费投放,场景兴趣,2744.59,3564,129,11459.57
2025-08,北辰市,第三方平台,付费投放,常规拉新,3434.82,5204,174,17623.39
2025-08,北辰市,第三方平台,付费投放,场景兴趣,2105.22,3190,126,11748.93
2025-08,云岭市,自营App,付费投放,常规拉新,6715.46,6584,201,20024.23
2025-08,云岭市,自营App,付费投放,场景兴趣,4115.92,4035,146,13349.48
2025-08,云岭市,自营小程序,付费投放,常规拉新,3913.25,5082,157,15083.23
2025-08,云岭市,自营小程序,付费投放,场景兴趣,2398.44,3115,113,10055.48
2025-08,云岭市,第三方平台,付费投放,常规拉新,2880.77,4365,147,15048.28
2025-08,云岭市,第三方平台,付费投放,场景兴趣,1765.63,2675,107,10032.18
2025-08,东澜市,自营App,付费投放,常规拉新,13064.54,10709,340,33881.14
2025-08,东澜市,自营App,付费投放,场景兴趣,8007.30,6563,246,22587.42
2025-08,东澜市,自营小程序,付费投放,常规拉新,7425.47,8071,250,24797.75
2025-08,东澜市,自营小程序,付费投放,场景兴趣,4551.09,4947,181,16531.84
2025-08,东澜市,第三方平台,付费投放,常规拉新,5731.14,7348,239,24519.67
2025-08,东澜市,第三方平台,付费投放,场景兴趣,3512.64,4503,173,16346.44
2025-08,海岳市,自营App,付费投放,常规拉新,11687.14,9580,291,28998.49
2025-08,海岳市,自营App,付费投放,场景兴趣,7163.08,5871,211,19332.33
2025-08,海岳市,自营小程序,付费投放,常规拉新,6588.12,7161,209,20598.01
2025-08,海岳市,自营小程序,付费投放,场景兴趣,4037.88,4389,152,13732.00
2025-08,海岳市,第三方平台,付费投放,常规拉新,4721.87,6054,200,20647.78
2025-08,海岳市,第三方平台,付费投放,场景兴趣,2894.05,3710,144,13765.18
2025-08,南浦市,自营App,付费投放,常规拉新,11060.84,9066,270,27717.50
2025-08,南浦市,自营App,付费投放,场景兴趣,6779.22,5557,195,18478.34
2025-08,南浦市,自营小程序,付费投放,常规拉新,6107.84,6639,197,19987.45
2025-08,南浦市,自营小程序,付费投放,场景兴趣,3743.52,4069,142,13324.97
2025-08,南浦市,第三方平台,付费投放,常规拉新,4605.32,5904,184,19781.44
2025-08,南浦市,第三方平台,付费投放,场景兴趣,2822.62,3619,133,13187.62
2025-08,榕川市,自营App,付费投放,常规拉新,9250.77,7583,230,23898.25
2025-08,榕川市,自营App,付费投放,场景兴趣,5669.83,4647,167,15932.16
2025-08,榕川市,自营小程序,付费投放,常规拉新,5382.29,5850,175,17808.67
2025-08,榕川市,自营小程序,付费投放,场景兴趣,3298.83,3586,126,11872.44
2025-08,榕川市,第三方平台,付费投放,常规拉新,3897.33,4997,160,16947.49
2025-08,榕川市,第三方平台,付费投放,场景兴趣,2388.69,3062,116,11298.32
2025-09,北辰市,自营App,付费投放,常规拉新,8233.85,8072,243,24279.16
2025-09,北辰市,自营App,付费投放,场景兴趣,5046.55,4948,176,16186.11
2025-09,北辰市,自营小程序,付费投放,常规拉新,4656.08,6047,187,18571.15
2025-09,北辰市,自营小程序,付费投放,场景兴趣,2853.73,3706,135,12380.77
2025-09,北辰市,第三方平台,付费投放,常规拉新,3496.61,5298,175,18268.03
2025-09,北辰市,第三方平台,付费投放,场景兴趣,2143.09,3247,126,12178.68
2025-09,云岭市,自营App,付费投放,常规拉新,6845.10,6711,203,20617.18
2025-09,云岭市,自营App,付费投放,场景兴趣,4195.38,4113,147,13744.79
2025-09,云岭市,自营小程序,付费投放,常规拉新,3974.83,5162,154,15069.22
2025-09,云岭市,自营小程序,付费投放,场景兴趣,2436.19,3164,111,10046.15
2025-09,云岭市,第三方平台,付费投放,常规拉新,3009.26,4559,146,15212.54
2025-09,云岭市,第三方平台,付费投放,场景兴趣,1844.38,2795,106,10141.69
2025-09,东澜市,自营App,付费投放,常规拉新,13544.10,11102,339,34899.80
2025-09,东澜市,自营App,付费投放,场景兴趣,8301.22,6804,246,23266.54
2025-09,东澜市,自营小程序,付费投放,常规拉新,7981.61,8676,252,25535.84
2025-09,东澜市,自营小程序,付费投放,场景兴趣,4891.95,5317,183,17023.90
2025-09,东澜市,第三方平台,付费投放,常规拉新,5817.22,7458,241,25456.43
2025-09,东澜市,第三方平台,付费投放,场景兴趣,3565.40,4571,175,16970.95
2025-09,海岳市,自营App,付费投放,常规拉新,12021.47,9854,300,30847.82
2025-09,海岳市,自营App,付费投放,场景兴趣,7367.99,6039,218,20565.21
2025-09,海岳市,自营小程序,付费投放,常规拉新,6584.13,7157,219,21840.34
2025-09,海岳市,自营小程序,付费投放,场景兴趣,4035.43,4386,158,14560.23
2025-09,海岳市,第三方平台,付费投放,常规拉新,5026.54,6444,217,22718.03
2025-09,海岳市,第三方平台,付费投放,场景兴趣,3080.78,3950,158,15145.35
2025-09,南浦市,自营App,付费投放,常规拉新,11413.32,9355,277,29610.20
2025-09,南浦市,自营App,付费投放,场景兴趣,6995.26,5734,201,19740.13
2025-09,南浦市,自营小程序,付费投放,常规拉新,6525.38,7093,200,20975.36
2025-09,南浦市,自营小程序,付费投放,场景兴趣,3999.42,4347,144,13983.57
2025-09,南浦市,第三方平台,付费投放,常规拉新,4947.71,6343,202,22076.31
2025-09,南浦市,第三方平台,付费投放,场景兴趣,3032.47,3888,146,14717.54
2025-09,榕川市,自营App,付费投放,常规拉新,9709.91,7959,230,24493.91
2025-09,榕川市,自营App,付费投放,场景兴趣,5951.23,4878,166,16329.28
2025-09,榕川市,自营小程序,付费投放,常规拉新,5606.46,6094,179,18607.56
2025-09,榕川市,自营小程序,付费投放,场景兴趣,3436.22,3735,129,12405.04
2025-09,榕川市,第三方平台,付费投放,常规拉新,4102.86,5260,166,18308.25
2025-09,榕川市,第三方平台,付费投放,场景兴趣,2514.66,3224,121,12205.50
2025-10,北辰市,自营App,付费投放,常规拉新,8446.97,8281,257,26067.83
2025-10,北辰市,自营App,付费投放,场景兴趣,5177.17,5076,186,17378.56
2025-10,北辰市,自营小程序,付费投放,常规拉新,4739.15,6155,182,18139.65
2025-10,北辰市,自营小程序,付费投放,场景兴趣,2904.64,3772,132,12093.10
2025-10,北辰市,第三方平台,付费投放,常规拉新,3657.43,5542,175,18174.92
2025-10,北辰市,第三方平台,付费投放,场景兴趣,2241.65,3396,126,12116.61
2025-10,云岭市,自营App,付费投放,常规拉新,6987.39,6850,209,21124.91
2025-10,云岭市,自营App,付费投放,场景兴趣,4282.59,4199,151,14083.28
2025-10,云岭市,自营小程序,付费投放,常规拉新,4075.09,5292,165,16308.82
2025-10,云岭市,自营小程序,付费投放,场景兴趣,2497.63,3244,120,10872.55
2025-10,云岭市,第三方平台,付费投放,常规拉新,3100.51,4698,147,15358.01
2025-10,云岭市,第三方平台,付费投放,场景兴趣,1900.31,2879,107,10238.67
2025-10,东澜市,自营App,付费投放,常规拉新,14218.05,11654,349,36168.94
2025-10,东澜市,自营App,付费投放,场景兴趣,8714.29,7143,252,24112.62
2025-10,东澜市,自营小程序,付费投放,常规拉新,8115.65,8821,270,27193.83
2025-10,东澜市,自营小程序,付费投放,场景兴趣,4974.11,5407,196,18129.22
2025-10,东澜市,第三方平台,付费投放,常规拉新,5998.57,7690,249,26434.30
2025-10,东澜市,第三方平台,付费投放,场景兴趣,3676.55,4714,180,17622.87
2025-10,海岳市,自营App,付费投放,常规拉新,12141.73,9952,303,30696.32
2025-10,海岳市,自营App,付费投放,场景兴趣,7441.71,6100,220,20464.22
2025-10,海岳市,自营小程序,付费投放,常规拉新,6987.40,7595,226,22693.64
2025-10,海岳市,自营小程序,付费投放,场景兴趣,4282.60,4655,164,15129.10
2025-10,海岳市,第三方平台,付费投放,常规拉新,5104.40,6544,211,22101.11
2025-10,海岳市,第三方平台,付费投放,场景兴趣,3128.50,4011,152,14734.07
2025-10,南浦市,自营App,付费投放,常规拉新,11715.12,9603,273,29500.36
2025-10,南浦市,自营App,付费投放,场景兴趣,7180.24,5885,197,19666.90
2025-10,南浦市,自营小程序,付费投放,常规拉新,6781.49,7371,211,21952.08
2025-10,南浦市,自营小程序,付费投放,场景兴趣,4156.39,4518,152,14634.72
2025-10,南浦市,第三方平台,付费投放,常规拉新,4987.85,6395,189,21069.43
2025-10,南浦市,第三方平台,付费投放,场景兴趣,3057.07,3919,137,14046.29
2025-10,榕川市,自营App,付费投放,常规拉新,10182.66,8346,233,25139.92
2025-10,榕川市,自营App,付费投放,场景兴趣,6240.98,5116,169,16759.94
2025-10,榕川市,自营小程序,付费投放,常规拉新,5641.26,6132,181,18968.57
2025-10,榕川市,自营小程序,付费投放,场景兴趣,3457.54,3758,131,12645.71
2025-10,榕川市,第三方平台,付费投放,常规拉新,4170.08,5346,162,17864.14
2025-10,榕川市,第三方平台,付费投放,场景兴趣,2555.86,3277,117,11909.43
2025-11,北辰市,自营App,付费投放,常规拉新,10242.35,10042,309,28474.75
2025-11,北辰市,自营App,付费投放,场景兴趣,6277.57,6154,224,18983.16
2025-11,北辰市,自营小程序,付费投放,常规拉新,5975.14,7760,233,21064.09
2025-11,北辰市,自营小程序,付费投放,场景兴趣,3662.18,4756,169,14042.72
2025-11,北辰市,第三方平台,付费投放,常规拉新,4416.90,6692,208,19663.37
2025-11,北辰市,第三方平台,付费投放,场景兴趣,2707.14,4102,150,13108.91
2025-11,云岭市,自营App,付费投放,常规拉新,8708.78,8538,259,23933.39
2025-11,云岭市,自营App,付费投放,场景兴趣,5337.64,5233,188,15955.59
2025-11,云岭市,自营小程序,付费投放,常规拉新,5066.17,6579,197,17925.66
2025-11,云岭市,自营小程序,付费投放,场景兴趣,3105.07,4033,143,11950.44
2025-11,云岭市,第三方平台,付费投放,常规拉新,3728.63,5649,190,17952.53
2025-11,云岭市,第三方平台,付费投放,场景兴趣,2285.29,3463,138,11968.36
2025-11,东澜市,自营App,付费投放,常规拉新,18151.33,14878,435,41140.26
2025-11,东澜市,自营App,付费投放,场景兴趣,11125.01,9119,315,27426.84
2025-11,东澜市,自营小程序,付费投放,常规拉新,9902.14,10763,320,29613.36
2025-11,东澜市,自营小程序,付费投放,场景兴趣,6069.06,6597,232,19742.24
2025-11,东澜市,第三方平台,付费投放,常规拉新,7293.66,9351,302,29401.47
2025-11,东澜市,第三方平台,付费投放,场景兴趣,4470.30,5731,219,19600.98
2025-11,海岳市,自营App,付费投放,常规拉新,14991.85,12288,359,33777.23
2025-11,海岳市,自营App,付费投放,场景兴趣,9188.55,7532,260,22518.15
2025-11,海岳市,自营小程序,付费投放,常规拉新,8562.27,9307,277,25383.56
2025-11,海岳市,自营小程序,付费投放,场景兴趣,5247.85,5704,201,16922.38
2025-11,海岳市,第三方平台,付费投放,常规拉新,6364.18,8159,279,26833.00
2025-11,海岳市,第三方平台,付费投放,场景兴趣,3900.62,5001,202,17888.67
2025-11,南浦市,自营App,付费投放,常规拉新,14442.70,11838,350,34611.64
2025-11,南浦市,自营App,付费投放,场景兴趣,8851.98,7256,254,23074.42
2025-11,南浦市,自营小程序,付费投放,常规拉新,8318.14,9041,264,25654.56
2025-11,南浦市,自营小程序,付费投放,场景兴趣,5098.22,5542,192,17103.04
2025-11,南浦市,第三方平台,付费投放,常规拉新,6092.88,7811,233,23737.70
2025-11,南浦市,第三方平台,付费投放,场景兴趣,3734.34,4788,169,15825.14
2025-11,榕川市,自营App,付费投放,常规拉新,12127.36,9940,287,28135.12
2025-11,榕川市,自营App,付费投放,场景兴趣,7432.90,6093,207,18756.75
2025-11,榕川市,自营小程序,付费投放,常规拉新,7104.33,7722,228,22068.56
2025-11,榕川市,自营小程序,付费投放,场景兴趣,4354.27,4733,165,14712.38
2025-11,榕川市,第三方平台,付费投放,常规拉新,5206.92,6676,206,20864.33
2025-11,榕川市,第三方平台,付费投放,场景兴趣,3191.34,4091,149,13909.55
2025-12,北辰市,自营App,付费投放,常规拉新,9300.07,9118,276,27924.16
2025-12,北辰市,自营App,付费投放,场景兴趣,5700.05,5588,199,18616.11
2025-12,北辰市,自营小程序,付费投放,常规拉新,5154.49,6694,200,19737.77
2025-12,北辰市,自营小程序,付费投放,场景兴趣,3159.20,4103,144,13158.52
2025-12,北辰市,第三方平台,付费投放,常规拉新,3954.51,5992,197,20523.04
2025-12,北辰市,第三方平台,付费投放,场景兴趣,2423.73,3672,142,13682.03
2025-12,云岭市,自营App,付费投放,常规拉新,7931.56,7776,233,23578.12
2025-12,云岭市,自营App,付费投放,场景兴趣,4861.28,4766,168,15718.75
2025-12,云岭市,自营小程序,付费投放,常规拉新,4502.84,5848,172,16985.77
2025-12,云岭市,自营小程序,付费投放,场景兴趣,2759.80,3584,125,11323.85
2025-12,云岭市,第三方平台,付费投放,常规拉新,3343.57,5066,164,17086.12
2025-12,云岭市,第三方平台,付费投放,场景兴趣,2049.29,3105,119,11390.75
2025-12,东澜市,自营App,付费投放,常规拉新,15274.74,12520,366,37652.01
2025-12,东澜市,自营App,付费投放,场景兴趣,9361.94,7674,265,25101.34
2025-12,东澜市,自营小程序,付费投放,常规拉新,8764.77,9527,282,28594.61
2025-12,东澜市,自营小程序,付费投放,场景兴趣,5371.95,5839,204,19063.07
2025-12,东澜市,第三方平台,付费投放,常规拉新,6463.31,8286,269,28358.98
2025-12,东澜市,第三方平台,付费投放,场景兴趣,3961.39,5079,194,18905.98
2025-12,海岳市,自营App,付费投放,常规拉新,13058.49,10704,328,33892.57
2025-12,海岳市,自营App,付费投放,场景兴趣,8003.59,6560,237,22595.05
2025-12,海岳市,自营小程序,付费投放,常规拉新,7596.59,8257,249,25104.43
2025-12,海岳市,自营小程序,付费投放,场景兴趣,4655.97,5061,180,16736.29
2025-12,海岳市,第三方平台,付费投放,常规拉新,5619.92,7205,239,25004.48
2025-12,海岳市,第三方平台,付费投放,场景兴趣,3444.46,4416,173,16669.65
2025-12,南浦市,自营App,付费投放,常规拉新,13072.86,10715,309,33485.63
2025-12,南浦市,自营App,付费投放,场景兴趣,8012.40,6568,224,22323.75
2025-12,南浦市,自营小程序,付费投放,常规拉新,7365.00,8005,230,24470.24
2025-12,南浦市,自营小程序,付费投放,场景兴趣,4514.04,4907,167,16313.49
2025-12,南浦市,第三方平台,付费投放,常规拉新,5296.87,6791,204,22808.93
2025-12,南浦市,第三方平台,付费投放,场景兴趣,3246.47,4162,148,15205.95
2025-12,榕川市,自营App,付费投放,常规拉新,10945.86,8972,267,28504.86
2025-12,榕川市,自营App,付费投放,场景兴趣,6708.76,5499,193,19003.24
2025-12,榕川市,自营小程序,付费投放,常规拉新,6274.97,6821,203,21438.83
2025-12,榕川市,自营小程序,付费投放,场景兴趣,3845.95,4180,147,14292.55
2025-12,榕川市,第三方平台,付费投放,常规拉新,4567.12,5855,184,20440.06
2025-12,榕川市,第三方平台,付费投放,场景兴趣,2799.20,3589,134,13626.71
2026-01,北辰市,自营App,付费投放,常规拉新,7307.38,7164,221,22376.47
2026-01,北辰市,自营App,付费投放,场景兴趣,4478.72,4391,160,14917.64
2026-01,北辰市,自营小程序,付费投放,常规拉新,4224.99,5487,164,16253.41
2026-01,北辰市,自营小程序,付费投放,场景兴趣,2589.51,3363,119,10835.60
2026-01,北辰市,第三方平台,付费投放,常规拉新,3054.68,4628,154,16051.30
2026-01,北辰市,第三方平台,付费投放,场景兴趣,1872.22,2837,111,10700.87
2026-01,云岭市,自营App,付费投放,常规拉新,5998.31,5881,175,17595.28
2026-01,云岭市,自营App,付费投放,场景兴趣,3676.39,3604,126,11730.18
2026-01,云岭市,自营小程序,付费投放,常规拉新,3516.05,4566,143,14163.08
2026-01,云岭市,自营小程序,付费投放,场景兴趣,2155.00,2799,104,9442.06
2026-01,云岭市,第三方平台,付费投放,常规拉新,2589.01,3923,125,13062.95
2026-01,云岭市,第三方平台,付费投放,场景兴趣,1586.81,2404,90,8708.63
2026-01,东澜市,自营App,付费投放,常规拉新,12193.92,9995,313,32168.23
2026-01,东澜市,自营App,付费投放,场景兴趣,7473.70,6126,227,21445.48
2026-01,东澜市,自营小程序,付费投放,常规拉新,6824.84,7418,219,22035.37
2026-01,东澜市,自营小程序,付费投放,场景兴趣,4182.96,4547,158,14690.24
2026-01,东澜市,第三方平台,付费投放,常规拉新,5204.50,6672,219,22858.49
2026-01,东澜市,第三方平台,付费投放,场景兴趣,3189.86,4090,159,15239.00
2026-01,海岳市,自营App,付费投放,常规拉新,10629.69,8713,260,26979.52
2026-01,海岳市,自营App,付费投放,场景兴趣,6514.97,5340,188,17986.35
2026-01,海岳市,自营小程序,付费投放,常规拉新,6045.67,6571,199,20132.75
2026-01,海岳市,自营小程序,付费投放,场景兴趣,3705.41,4028,144,13421.83
2026-01,海岳市,第三方平台,付费投放,常规拉新,4349.50,5576,181,19008.86
2026-01,海岳市,第三方平台,付费投放,场景兴趣,2665.82,3418,131,12672.58
2026-01,南浦市,自营App,付费投放,常规拉新,10495.81,8603,244,26568.61
2026-01,南浦市,自营App,付费投放,场景兴趣,6432.91,5273,177,17712.41
2026-01,南浦市,自营小程序,付费投放,常规拉新,5759.33,6260,181,19384.68
2026-01,南浦市,自营小程序,付费投放,场景兴趣,3529.91,3837,131,12923.12
2026-01,南浦市,第三方平台,付费投放,常规拉新,4368.36,5600,169,18849.76
2026-01,南浦市,第三方平台,付费投放,场景兴趣,2677.38,3433,122,12566.50
2026-01,榕川市,自营App,付费投放,常规拉新,8645.65,7087,201,21688.25
2026-01,榕川市,自营App,付费投放,场景兴趣,5298.95,4343,145,14458.84
2026-01,榕川市,自营小程序,付费投放,常规拉新,5031.50,5469,158,16948.69
2026-01,榕川市,自营小程序,付费投放,场景兴趣,3083.82,3352,114,11299.12
2026-01,榕川市,第三方平台,付费投放,常规拉新,3662.30,4695,145,16154.12
2026-01,榕川市,第三方平台,付费投放,场景兴趣,2244.64,2878,105,10769.41
2026-02,北辰市,自营App,付费投放,常规拉新,6706.60,6575,202,20313.19
2026-02,北辰市,自营App,付费投放,场景兴趣,4110.50,4030,147,13542.12
2026-02,北辰市,自营小程序,付费投放,常规拉新,3798.19,4933,147,14656.45
2026-02,北辰市,自营小程序,付费投放,场景兴趣,2327.93,3023,106,9770.97
2026-02,北辰市,第三方平台,付费投放,常规拉新,2827.98,4285,132,13791.05
2026-02,北辰市,第三方平台,付费投放,场景兴趣,1733.28,2626,95,9194.04
2026-02,云岭市,自营App,付费投放,常规拉新,5573.34,5464,166,16791.35
2026-02,云岭市,自营App,付费投放,场景兴趣,3415.92,3349,120,11194.23
2026-02,云岭市,自营小程序,付费投放,常规拉新,3102.62,4029,125,12482.39
2026-02,云岭市,自营小程序,付费投放,场景兴趣,1901.61,2470,91,8321.59
2026-02,云岭市,第三方平台,付费投放,常规拉新,2323.44,3520,114,11860.19
2026-02,云岭市,第三方平台,付费投放,场景兴趣,1424.04,2158,82,7906.80
2026-02,东澜市,自营App,付费投放,常规拉新,11330.87,9288,281,29038.48
2026-02,东澜市,自营App,付费投放,场景兴趣,6944.73,5692,204,19358.99
2026-02,东澜市,自营小程序,付费投放,常规拉新,6259.00,6803,206,20779.31
2026-02,东澜市,自营小程序,付费投放,场景兴趣,3836.16,4170,150,13852.88
2026-02,东澜市,第三方平台,付费投放,常规拉新,4722.35,6054,196,20758.54
2026-02,东澜市,第三方平台,付费投放,场景兴趣,2894.35,3711,142,13839.03
2026-02,海岳市,自营App,付费投放,常规拉新,9476.94,7768,241,24620.93
2026-02,海岳市,自营App,付费投放,场景兴趣,5808.44,4761,174,16413.96
2026-02,海岳市,自营小程序,付费投放,常规拉新,5423.36,5895,177,17856.86
2026-02,海岳市,自营小程序,付费投放,场景兴趣,3324.00,3613,128,11904.57
2026-02,海岳市,第三方平台,付费投放,常规拉新,4063.21,5209,166,17510.12
2026-02,海岳市,第三方平台,付费投放,场景兴趣,2490.35,3193,121,11673.42
2026-02,南浦市,自营App,付费投放,常规拉新,9471.64,7764,229,24999.67
2026-02,南浦市,自营App,付费投放,场景兴趣,5805.20,4758,166,16666.44
2026-02,南浦市,自营小程序,付费投放,常规拉新,5460.44,5935,164,17722.85
2026-02,南浦市,自营小程序,付费投放,场景兴趣,3346.72,3638,118,11815.24
2026-02,南浦市,第三方平台,付费投放,常规拉新,4043.86,5184,154,17263.51
2026-02,南浦市,第三方平台,付费投放,场景兴趣,2478.50,3178,112,11509.00
2026-02,榕川市,自营App,付费投放,常规拉新,7822.69,6412,181,19534.36
2026-02,榕川市,自营App,付费投放,场景兴趣,4794.55,3930,131,13022.90
2026-02,榕川市,自营小程序,付费投放,常规拉新,4477.07,4866,138,14894.93
2026-02,榕川市,自营小程序,付费投放,场景兴趣,2744.01,2983,100,9929.96
2026-02,榕川市,第三方平台,付费投放,常规拉新,3301.54,4233,133,14854.67
2026-02,榕川市,第三方平台,付费投放,场景兴趣,2023.52,2594,96,9903.11
2026-03,北辰市,自营App,付费投放,常规拉新,8249.66,8088,244,24659.77
2026-03,北辰市,自营App,付费投放,场景兴趣,5056.24,4957,177,16439.85
2026-03,北辰市,自营小程序,付费投放,常规拉新,4742.01,6158,181,17977.67
2026-03,北辰市,自营小程序,付费投放,场景兴趣,2906.40,3775,131,11985.11
2026-03,北辰市,第三方平台,付费投放,常规拉新,3579.27,5423,171,17869.28
2026-03,北辰市,第三方平台,付费投放,场景兴趣,2193.75,3324,124,11912.86
2026-03,云岭市,自营App,付费投放,常规拉新,7007.62,6870,206,20889.97
2026-03,云岭市,自营App,付费投放,场景兴趣,4295.00,4211,149,13926.64
2026-03,云岭市,自营小程序,付费投放,常规拉新,3980.56,5170,151,14973.29
2026-03,云岭市,自营小程序,付费投放,场景兴趣,2439.70,3168,109,9982.19
2026-03,云岭市,第三方平台,付费投放,常规拉新,3037.08,4602,146,15380.81
2026-03,云岭市,第三方平台,付费投放,场景兴趣,1861.44,2820,105,10253.88
2026-03,东澜市,自营App,付费投放,常规拉新,14076.60,11538,351,35953.15
2026-03,东澜市,自营App,付费投放,场景兴趣,8627.60,7072,254,23968.77
2026-03,东澜市,自营小程序,付费投放,常规拉新,7739.76,8413,255,25482.60
2026-03,东澜市,自营小程序,付费投放,场景兴趣,4743.72,5156,185,16988.40
2026-03,东澜市,第三方平台,付费投放,常规拉新,6034.36,7736,246,26191.64
2026-03,东澜市,第三方平台,付费投放,场景兴趣,3698.48,4742,179,17461.10
2026-03,海岳市,自营App,付费投放,常规拉新,12228.72,10024,306,31412.76
2026-03,海岳市,自营App,付费投放,场景兴趣,7495.02,6143,222,20941.84
2026-03,海岳市,自营小程序,付费投放,常规拉新,6768.37,7357,213,21487.37
2026-03,海岳市,自营小程序,付费投放,场景兴趣,4148.35,4509,154,14324.91
2026-03,海岳市,第三方平台,付费投放,常规拉新,5106.82,6547,210,22319.62
2026-03,海岳市,第三方平台,付费投放,场景兴趣,3129.98,4013,152,14879.75
2026-03,南浦市,自营App,付费投放,常规拉新,11794.55,9668,278,30481.86
2026-03,南浦市,自营App,付费投放,场景兴趣,7228.91,5925,201,20321.24
2026-03,南浦市,自营小程序,付费投放,常规拉新,6780.34,7370,197,21215.83
2026-03,南浦市,自营小程序,付费投放,场景兴趣,4155.70,4517,142,14143.89
2026-03,南浦市,第三方平台,付费投放,常规拉新,4942.88,6337,180,20643.23
2026-03,南浦市,第三方平台,付费投放,场景兴趣,3029.50,3884,131,13762.15
2026-03,榕川市,自营App,付费投放,常规拉新,10178.87,8343,237,25984.64
2026-03,榕川市,自营App,付费投放,场景兴趣,6238.67,5114,172,17323.10
2026-03,榕川市,自营小程序,付费投放,常规拉新,5599.05,6086,165,17733.42
2026-03,榕川市,自营小程序,付费投放,场景兴趣,3431.67,3730,119,11822.28
2026-03,榕川市,第三方平台,付费投放,常规拉新,4200.07,5385,165,18855.24
2026-03,榕川市,第三方平台,付费投放,场景兴趣,2574.23,3300,120,12570.16
2026-04,北辰市,自营App,付费投放,常规拉新,8316.06,8153,246,24650.05
2026-04,北辰市,自营App,付费投放,场景兴趣,5096.94,4997,179,16433.36
2026-04,北辰市,自营小程序,付费投放,常规拉新,4702.87,6108,188,18622.16
2026-04,北辰市,自营小程序,付费投放,场景兴趣,2882.40,3743,136,12414.78
2026-04,北辰市,第三方平台,付费投放,常规拉新,3420.09,5182,166,17265.37
2026-04,北辰市,第三方平台,付费投放,场景兴趣,2096.19,3176,121,11510.25
2026-04,云岭市,自营App,付费投放,常规拉新,6939.33,6803,197,20069.80
2026-04,云岭市,自营App,付费投放,场景兴趣,4253.13,4170,143,13379.86
2026-04,云岭市,自营小程序,付费投放,常规拉新,4037.37,5243,155,15329.42
2026-04,云岭市,自营小程序,付费投放,场景兴趣,2474.52,3214,112,10219.61
2026-04,云岭市,第三方平台,付费投放,常规拉新,2928.64,4437,146,15090.51
2026-04,云岭市,第三方平台,付费投放,场景兴趣,1794.98,2720,105,10060.34
2026-04,东澜市,自营App,付费投放,常规拉新,13584.19,11135,311,27802.04
2026-04,东澜市,自营App,付费投放,场景兴趣,8325.79,6824,226,18534.69
2026-04,东澜市,自营小程序,付费投放,常规拉新,7711.81,8382,230,20226.69
2026-04,东澜市,自营小程序,付费投放,场景兴趣,4726.59,5138,166,13484.46
2026-04,东澜市,第三方平台,付费投放,常规拉新,5910.56,7578,224,20814.07
2026-04,东澜市,第三方平台,付费投放,场景兴趣,3622.60,4644,163,13876.04
2026-04,海岳市,自营App,付费投放,常规拉新,11753.70,9634,258,23296.73
2026-04,海岳市,自营App,付费投放,场景兴趣,7203.88,5905,187,15531.15
2026-04,海岳市,自营小程序,付费投放,常规拉新,6677.67,7258,201,17752.86
2026-04,海岳市,自营小程序,付费投放,场景兴趣,4092.77,4449,146,11835.24
2026-04,海岳市,第三方平台,付费投放,常规拉新,5058.46,6485,195,17888.32
2026-04,海岳市,第三方平台,付费投放,场景兴趣,3100.34,3975,141,11925.55
2026-04,南浦市,自营App,付费投放,常规拉新,11557.04,9473,263,29143.52
2026-04,南浦市,自营App,付费投放,场景兴趣,7083.34,5806,190,19429.01
2026-04,南浦市,自营小程序,付费投放,常规拉新,6521.95,7089,204,21914.64
2026-04,南浦市,自营小程序,付费投放,场景兴趣,3997.33,4345,148,14609.76
2026-04,南浦市,第三方平台,付费投放,常规拉新,4903.70,6287,183,20874.77
2026-04,南浦市,第三方平台,付费投放,场景兴趣,3005.50,3853,132,13916.51
2026-04,榕川市,自营App,付费投放,常规拉新,9888.42,8105,229,25166.14
2026-04,榕川市,自营App,付费投放,场景兴趣,6060.64,4968,166,16777.43
2026-04,榕川市,自营小程序,付费投放,常规拉新,5811.81,6317,183,19482.15
2026-04,榕川市,自营小程序,付费投放,场景兴趣,3562.07,3872,132,12988.10
2026-04,榕川市,第三方平台,付费投放,常规拉新,4193.30,5376,164,18763.84
2026-04,榕川市,第三方平台,付费投放,场景兴趣,2570.08,3295,119,12509.22
2026-05,北辰市,自营App,付费投放,常规拉新,16275.50,13125,162,16224.49
2026-05,北辰市,自营App,付费投放,场景兴趣,9975.30,8045,117,10816.32
2026-05,北辰市,自营小程序,付费投放,常规拉新,4931.54,6405,196,19484.77
2026-05,北辰市,自营小程序,付费投放,场景兴趣,3022.56,3925,142,12989.84
2026-05,北辰市,第三方平台,付费投放,常规拉新,3632.88,5504,179,18575.62
2026-05,北辰市,第三方平台,付费投放,场景兴趣,2226.60,3374,130,12383.74
2026-05,云岭市,自营App,付费投放,常规拉新,13682.33,11034,139,13960.27
2026-05,云岭市,自营App,付费投放,场景兴趣,8385.95,6763,100,9306.85
2026-05,云岭市,自营小程序,付费投放,常规拉新,4161.97,5405,164,16316.36
2026-05,云岭市,自营小程序,付费投放,场景兴趣,2550.89,3313,118,10877.58
2026-05,云岭市,第三方平台,付费投放,常规拉新,3103.37,4702,153,16005.03
2026-05,云岭市,第三方平台,付费投放,场景兴趣,1902.07,2882,111,10670.02
2026-05,东澜市,自营App,付费投放,常规拉新,28422.55,19076,201,14630.48
2026-05,东澜市,自营App,付费投放,场景兴趣,17420.28,11691,145,9753.66
2026-05,东澜市,自营小程序,付费投放,常规拉新,8468.73,9205,235,16847.11
2026-05,东澜市,自营小程序,付费投放,场景兴趣,5190.51,5642,170,11231.41
2026-05,东澜市,第三方平台,付费投放,常规拉新,6005.34,7699,211,15971.28
2026-05,东澜市,第三方平台,付费投放,场景兴趣,3680.70,4719,152,10647.52
2026-05,海岳市,自营App,付费投放,常规拉新,24318.11,16321,170,12479.41
2026-05,海岳市,自营App,付费投放,场景兴趣,14904.65,10003,123,8319.60
2026-05,海岳市,自营小程序,付费投放,常规拉新,6894.42,7494,186,13344.86
2026-05,海岳市,自营小程序,付费投放,场景兴趣,4225.62,4593,135,8896.58
2026-05,海岳市,第三方平台,付费投放,常规拉新,5258.18,6741,182,13701.08
2026-05,海岳市,第三方平台,付费投放,场景兴趣,3222.76,4132,132,9134.06
2026-05,南浦市,自营App,付费投放,常规拉新,24021.57,16122,178,19993.51
2026-05,南浦市,自营App,付费投放,场景兴趣,14722.90,9881,129,13329.00
2026-05,南浦市,自营小程序,付费投放,常规拉新,7051.86,7665,216,23737.65
2026-05,南浦市,自营小程序,付费投放,场景兴趣,4322.10,4698,157,15825.10
2026-05,南浦市,第三方平台,付费投放,常规拉新,5241.74,6720,202,23197.82
2026-05,南浦市,第三方平台,付费投放,场景兴趣,3212.68,4119,146,15465.22
2026-05,榕川市,自营App,付费投放,常规拉新,20315.29,13634,153,17009.28
2026-05,榕川市,自营App,付费投放,场景兴趣,12451.30,8357,110,11339.52
2026-05,榕川市,自营小程序,付费投放,常规拉新,5952.12,6470,177,19274.26
2026-05,榕川市,自营小程序,付费投放,场景兴趣,3648.08,3965,128,12849.50
2026-05,榕川市,第三方平台,付费投放,常规拉新,4500.38,5770,179,20544.81
2026-05,榕川市,第三方平台,付费投放,场景兴趣,2758.30,3536,129,13696.54
2026-06,北辰市,自营App,付费投放,常规拉新,8354.00,8190,247,25147.59
2026-06,北辰市,自营App,付费投放,场景兴趣,5120.20,5020,179,16765.06
2026-06,北辰市,自营小程序,付费投放,常规拉新,4923.43,6394,187,18546.09
2026-06,北辰市,自营小程序,付费投放,场景兴趣,3017.58,3919,135,12364.06
2026-06,北辰市,第三方平台,付费投放,常规拉新,3681.98,5579,185,19123.37
2026-06,北辰市,第三方平台,付费投放,场景兴趣,2256.70,3419,134,12748.91
2026-06,云岭市,自营App,付费投放,常规拉新,7155.61,7015,210,21026.87
2026-06,云岭市,自营App,付费投放,场景兴趣,4385.69,4300,152,14017.91
2026-06,云岭市,自营小程序,付费投放,常规拉新,4079.86,5299,159,15742.91
2026-06,云岭市,自营小程序,付费投放,场景兴趣,2500.56,3247,115,10495.27
2026-06,云岭市,第三方平台,付费投放,常规拉新,3145.93,4767,154,15951.54
2026-06,云岭市,第三方平台,付费投放,场景兴趣,1928.15,2921,112,10634.36
2026-06,东澜市,自营App,付费投放,常规拉新,14056.94,11522,347,35733.88
2026-06,东澜市,自营App,付费投放,场景兴趣,8615.54,7062,251,23822.58
2026-06,东澜市,自营小程序,付费投放,常规拉新,7999.29,8695,262,26475.65
2026-06,东澜市,自营小程序,付费投放,场景兴趣,4902.79,5329,189,17650.43
2026-06,东澜市,第三方平台,付费投放,常规拉新,6109.32,7832,256,27081.46
2026-06,东澜市,第三方平台,付费投放,场景兴趣,3744.42,4801,185,18054.30
2026-06,海岳市,自营App,付费投放,常规拉新,12294.53,10077,302,30994.03
2026-06,海岳市,自营App,付费投放,场景兴趣,7535.35,6177,219,20662.68
2026-06,海岳市,自营小程序,付费投放,常规拉新,7059.27,7673,235,23727.28
2026-06,海岳市,自营小程序,付费投放,场景兴趣,4326.65,4703,170,15818.19
2026-06,海岳市,第三方平台,付费投放,常规拉新,5307.51,6805,222,23223.76
2026-06,海岳市,第三方平台,付费投放,场景兴趣,3252.99,4170,160,15482.50
2026-06,南浦市,自营App,付费投放,常规拉新,12504.05,10249,285,32128.60
2026-06,南浦市,自营App,付费投放,场景兴趣,7663.77,6282,207,21419.06
2026-06,南浦市,自营小程序,付费投放,常规拉新,7110.61,7729,218,23752.21
2026-06,南浦市,自营小程序,付费投放,场景兴趣,4358.11,4737,158,15834.81
2026-06,南浦市,第三方平台,付费投放,常规拉新,5118.91,6563,197,22582.97
2026-06,南浦市,第三方平台,付费投放,场景兴趣,3137.39,4022,142,15055.32
2026-06,榕川市,自营App,付费投放,常规拉新,10808.96,8860,250,27904.78
2026-06,榕川市,自营App,付费投放,场景兴趣,6624.84,5430,181,18603.19
2026-06,榕川市,自营小程序,付费投放,常规拉新,6009.16,6532,186,20440.19
2026-06,榕川市,自营小程序,付费投放,场景兴趣,3683.04,4003,134,13626.80
2026-06,榕川市,第三方平台,付费投放,常规拉新,4337.89,5561,165,18958.42
2026-06,榕川市,第三方平台,付费投放,场景兴趣,2658.71,3409,119,12638.95
